위반문장 원문,대안제시,부당특약 사유
"6.2.9. 설계변경 등 ‘갑’ 사유가 아닌, 부득이한 코어 등의 작업이 발생할 경우 감리 또는 ‘갑’의 구조보강에 대한 요구가 있을 때에는 소요되는 비용(구조검토비 포함)을 부담하여야 한다.","수급사업자의 귀책 사유가 아니거나, 예측이 불가능한 내용에 대한 비용부담을 시키는 문구로 판단됩니다. (삭제)",수급사업자의 책임 없는 사유로 발생한 비용을 수급사업자에게 부담시키는 약정
"6.2.9. 설계변경 등 ‘갑’ 사유가 아닌, 부득이한 코어 등의 작업이 발생할 경우 감리 또는 ‘갑’의 구조보강에 대한 요구가 있을 때에는 소요되는 비용(구조검토비 포함)을 부담하여야 한다.","수급사업자의 귀책 사유가 아니거나, 예측이 불가능한 내용에 대한 비용부담을 시키는 문구로 판단됩니다. (삭제)",수급사업자의 책임 없는 사유로 발생한 비용을 수급사업자에게 부담시키는 약정
7) 비계 및 가시설 비용을 포함하여 견적한다.,"비계, 발판 등의 가시설 비용에 대해 구체적으로 명기 필요",원사업자가 입찰내역에 없는 사항을 요구함에 따라 발생된 비용을 수급사업자에게 부담시키는 약정
6.1.5 수급사업자는 본 공사와 관련한 대관청 인허가 업무를 원사업자의에 협조 수행하며 이에 발생되는 모든 수수료 및 소요비용은 “관리비 및 이윤”에 포함하여 견적한다.,6.1.5 수급사업자는 본 공사와 관련한 대관청 인허가 업무를 원사업자의에 협조 수행한다. 하며 이에 발생되는 모든 수수료 및 소요비용은 “관리비 및 이윤”에 포함하여 견적한다. (삭제),"관련 법령에 따라 원사업자의 의무사항으로 되어 있는 인•허가, 환경관리 또는 품질관리 등과 관련하여 발생하는 비용을 수급사업자에게 부담시키는 약정"
"6.1.10 / 7.2.1 / 8.2.1
원사업자가 수급사업자에게 돌관작업을 지시할수 있다는 문구
반복 사용","6.1.10 / 7.2.1 / 8.2.1.
(1개 제외 나머지 문구 삭제)",유사문구 중복 (부당특약 아님)
7) 비계 및 가시설 비용을 포함하여 견적한다.,"비계, 발판 등의 가시설 비용에 대해 구체적으로 명기 필요",원사업자가 입찰내역에 없는 사항을 요구함에 따라 발생된 비용을 수급사업자에게 부담시키는 약정
6.1.5 수급사업자는 본 공사와 관련한 대관청 인허가 업무를 원사업자의에 협조 수행하며 이에 발생되는 모든 수수료 및 소요비용은 “관리비 및 이윤”에 포함하여 견적한다.,6.1.5 수급사업자는 본 공사와 관련한 대관청 인허가 업무를 원사업자의에 협조 수행한다. 하며 이에 발생되는 모든 수수료 및 소요비용은 “관리비 및 이윤”에 포함하여 견적한다. (삭제),"관련 법령에 따라 원사업자의 의무사항으로 되어 있는 인•허가, 환경관리 또는 품질관리 등과 관련하여 발생하는 비용을 수급사업자에게 부담시키는 약정"
"6.1.10 / 7.2.1 / 8.2.1
원사업자가 수급사업자에게 돌관작업을 지시할수 있다는 문구
반복 사용","6.1.10 / 7.2.1 / 8.2.1.
(1개 제외 나머지 문구 삭제)",유사문구 중복 (부당특약 아님)
"6.3.1 유리 제작 및 시공에 필요한 Shop DWG. 및 구조계산서 작성 및 제출, 실측 등에 필요한 모든 비용을 포함하여 견적한다.","6.3.1 유리 제작 및 시공에 필요한 Shop DWG. 및 구조계산서 작성 및 제출, 실측 등에 필요한 모든 비용을 포함하여 견적한다.",원사업자가 입찰내역에 없는 사항을 요구함에 따라 발생된 비용을 수급사업자에게 부담시키는 약정
6.1.32 (전략) - 수량 : “원사업자”와 협의하여 결정한다.,"6.1.32 (전략) - 수량 : (예상수량 명기), 단, 원사업자와 협의하여 최종 결정",위탁 시점에 원사업자와 수급사업자가 예측할 수 없는 사항과 관련하여 수급사업자에게 불합리하게 책임을 부담시키는 약정
"6.3.1 유리 제작 및 시공에 필요한 Shop DWG. 및 구조계산서 작성 및 제출, 실측 등에 필요한 모든 비용을 포함하여 견적한다.","6.3.1 유리 제작 및 시공에 필요한 Shop DWG. 및 구조계산서 작성 및 제출, 실측 등에 필요한 모든 비용을 포함하여 견적한다.",원사업자가 입찰내역에 없는 사항을 요구함에 따라 발생된 비용을 수급사업자에게 부담시키는 약정
6.1.32 (전략) - 수량 : “원사업자”와 협의하여 결정한다.,"6.1.32 (전략) - 수량 : (예상수량 명기), 단, 원사업자와 협의하여 최종 결정",위탁 시점에 원사업자와 수급사업자가 예측할 수 없는 사항과 관련하여 수급사업자에게 불합리하게 책임을 부담시키는 약정
"② PC부재 납품 : 2019년 09월 ~ 2020년 01월 (현장여건에 따라 협의 후 변경 가능)
③ PC부재 조립 : 2019년 09월 ~ 2020년 01월 (현장여건에 따라 협의 후 변경 가능)",일정 조정 필요 (9월 → 10월 초),"원사업자는 수급사업자의 이익을 부당하게 침해하거나 제한하는 계약조건(이하 ""부당한 특약""이라 한다)을 설정하여서는 아니 된다"
6.2.18. 모든 창호 하드웨어 설치 부위에 보강대를 포함하여 견적한다.,하드웨어 및 보강대에 대한 구체적인 설명필요,원사업자가 입찰내역에 없는 사항을 요구함에 따라 발생된 비용을 수급사업자에게 부담시키는 약정
"<커튼월 특기사항>
8) 모든 자재의 현장내 하차, 소운반 및 규격별 정리 정돈한다","8) ""수급사업자""는 ""원사업자""가 지급하는 자재 외 모든 자재에 대하여 현장에서의 관리를 책임진다. (자재의 현장 내 하차 및 소운반) 안전한 현장 관리를 위해 자재는 규격별로 정리정돈한다.",원사업자가 입찰내역에 없는 사항을 요구함에 따라 발생된 비용을 수급사업자에게 부담시키는 약정
"8) 비상벨, CCTV 납품 및 설치는 연간단가업체인 POSCO ICT 공사분임.",해당 공종에 POSCO ICT 공사분을 포함하고 있다는 내용이라면 부당한 대금 결정의 소지가 있습니다.,"원사업자는 수급사업자의 이익을 부당하게 침해하거나 제한하는 계약조건(이하 ""부당한 특약""이라 한다)을 설정하여서는 아니 된다"
"6.4.1 장애인 관련법령에 맞추어서 장애인 경사램프 기울기 및 계단참 폭, 너비, 내경 등을 문제되지 않도록 사전검토 및 시공시 체크하여 관리하도록 하며, 문제 발생시 재시공 비용을 해당내역에 포함하여 견적한다.","6.4.1 장애인 관련법령에 맞추어서 장애인 경사램프 기울기 및 계단참 폭, 너비, 내경 등을 문제되지 않도록 제공된 도면에 대한 사전검토 및 현장 상황에 대한 면밀한 확인이 필요하다. 다만, 제공된 자료의 내용이 법령에 위배될 경우 추가 비용에 대해서는 협의하여 결정한다.",위탁 시점에 원사업자와 수급사업자가 예측할 수 없는 사항과 관련하여 수급사업자에게 불합리하게 책임을 부담시키는 약정
"6.5.1 타 부재와 근접한 부분 또는 기타 마감면 등이 오손되지 않도록 적절히 보양하여야 하며 이에 따른 재료비, 및 시공비, 해체비 일체를 포함해 견적해야한다.","타 부재와 근접한 부분 또는 기타 마감면 등이 오손되지 않도록 당사의 보양 기준을 바탕으로 보양을 하여야 하며, 이에 따른 재료비 및 시공비, 해체비 등을 해당 공사의 석재 붙이기 내역에 포함해 견적해야한다.",원사업자가 입찰내역에 없는 사항을 요구함에 따라 발생된 비용을 수급사업자에게 부담시키는 약정
6.2.1.8. 공사 수행에 필요한 가시설은 사전에 “원수급자”의 승인을 득한 후 처리한다.,"6.2.1.8. 공사 수행에 필요한 가시설은 사전에 “원수급자”의 승인을 득한 후 처리한다. (가시설 : 비계, 발판 등 ← 가시설에 대하여 상세 설명 표기)",원사업자가 입찰내역에 없는 사항을 요구함에 따라 발생된 비용을 수급사업자에게 부담시키는 약정
"6.1.8 현장 인접은 주택가임을 감안하여 아래사항을 준수하여 공사 수행시 차질 없도록 하여야 한다.
1) 특정공사 수행에 따른 장비 소음 방지를 위한 대책을 강구하여 수행하여야 한다.
- 저소음, 저진동 장비 반입( 장비 기준 5년이내)

6.2.2.8 소음발생 방지 위한 전구간 트리콘비트를 장착하여 작업하는 것으로 한다.(모든 천공 장비는 소음/분진 저감 시설을 설치하여야 한다.

6.2.3.2 천공은 압축공기를 이용한 드릴 방법을 원칙으로 하고 천공기 주변에 소음 및 분진방지 시설을 설치하며, 지하 매설물 및 도로 훼손 방지를 위하여 상부 토사 구간 천공시 수세식 천공기를 사용하여 천공한다",소음/분진예방에 대해서는 사양서 내부에 중복적으로 기재되어 있습니다. (소음으로 검색결과 특기사항에만 3개의 단락으로 중복표기) 소음/분진을 예방할수 있는 아이템에 대해서 설명을 하시거나 중복된 내용은 정리가 필요할 것으로 판단됩니다.,동어 반복
"3) 임시 측량점의 설치수량 산정은 현장 대지경계 기준, 임의의 다각형 형태로써 “원사업자”의 공사담당자와 협의 후, 가로×세로, 50m×50m, 기준간격당 1개소 및 기준간격 면적대비 75% 이상 해당되는 구간은 수량 추가 할 수 한다.","임시 측량점의 설치 수량은 당 공종의 내역(내역명 명기) 에 명기된 바와 같으며, 측량점 설치 수량의 산정은 현장 대지 경계 기준, 가로*세로, 50m X 50m, 기준 간격당 1개소를 원칙으로 하였으나, 기준간격 면적대비 75% 이상에 해당되는 구간에 대해서는 ""원사업자""의 공사담당자와 협의 결과에 따라 증감이 있을수 있다.",내용 명확화
"6.1.8 방수작업 투입시점은 계약 체결 후 “원사업자”에서 지정하는 날로 하며, “수급사업자”의 사유로 투입 지연시 외부비계는 “수급사업자”의 부담으로 시행한다","6.1.8 방수작업 투입시점은 계약 체결 후 “원사업자”와 ""수급사업자가"" 협의하여 결정하며, “수급사업자”의 사유로 투입 지연시 외부비계는 “수급사업자”의 부담으로 시행한다","원사업자는 수급사업자의 이익을 부당하게 침해하거나 제한하는 계약조건(이하 ""부당한 특약""이라 한다)을 설정하여서는 아니 된다"
5.1 납품범위 및 내용은 “원사업자”의 현장여건에 따라 변경될 수 있으며 본 공사와 관련하여 신규 품목이 발생시 당사 설계변경 기준에 따른다.,"5.1 납품범위 및 내용은 “원사업자”의 현장여건에 따라 변경될 수 있으며 본 공사와 관련하여 신규 품목이 발생시 원사업자, 수급사업자 상호 협의하여 비용을 결정한다.",원사업자가 입찰내역에 없는 사항을 요구함에 따라 발생된 비용을 수급사업자에게 부담시키는 약정
"5.2 도면 및 제반 설계도서의 변경 없이는 설계변경이 불가하고, 시공 중 발생되는 경미한 사항은 “수급사업자”의 부담으로 시행한다",삭제,원사업자가 입찰내역에 없는 사항을 요구함에 따라 발생된 비용을 수급사업자에게 부담시키는 약정
5.4 “수급사업자”는 계약 및 납품에 소요되는 제반 문서 및 관계자료를 “원사업자”가 요구할 경우 즉시 제출하여야 한다.,"삭제 (해당 문서가 특정화 되지 않았으며, 그 소요 시점역시 특정되지 않은 상태이므로 부당한 특약의 소지가 있습니다.)",원사업자가 입찰내역에 없는 사항을 요구함에 따라 발생된 비용을 수급사업자에게 부담시키는 약정
"11.8. 투찰 시, 단가에는 물류비(운송비)등 기타 비용을 포함 한다(물류비 등 별도 정산 없음).","11.8. 투찰 시, (내역명명기) 단가에는 현장 내 반입을 위한 비용을 포함하여 견적한다.",원사업자가 입찰내역에 없는 사항을 요구함에 따라 발생된 비용을 수급사업자에게 부담시키는 약정
2.1.1 차. 혼축방지판은 포함하지 않는다.,2.1.1 차. 혼촉방지판은 포함하지 않는다.,오타 정정
"6.11 모든 인허가 등 대관업무는 “수급사업자”의 범위이며, 이로 인해 발생하는 비용은 관리비 및 이윤 항목에 포함한다.","6.11 해당공사와 관련된 인허가 등 대관업무에 “수급사업자”는 최대한 협조해야하며, 이로 인해 발생하는 비용은 관리비 및 이윤 항목에 포함한다.","관련 법령에 따라 원사업자의 의무사항으로 되어 있는 인•허가, 환경관리 또는 품질관리 등과 관련하여 발생하는 비용을 수급사업자에게 부담시키는 약정"
"9) 온돌바닥 미장시 균열 유도줄눈 2개소 이상 설치이며 “원사업자”의 승인하에 시행한다. (균열유도줄눈은 견적에 포함, 별도 정산 없음)",9) 온돌바닥 미장시 균열 유도줄눈 2개소 이상 설치이며 “원사업자”의 승인하에 시행한다. (균열유도줄눈은 XXX내역에 포함하여 견적한다.),원사업자가 입찰내역에 없는 사항을 요구함에 따라 발생된 비용을 수급사업자에게 부담시키는 약정
“원사업자”의 지시에 따라 개구부 코너부위 등 메탈라스 보강이 필요한 경우에는 메탈라스를 보강 후 시공하도록 한다.,"향후 정산 및 메탈라스 보강에 대하여 분쟁발생시, 당사에서 해당 문구를 바탕으로 대금 지급을 하지 않는 사유로 사용을 금합니다. 
당사의 지시로 인하여 보강작업이 필요할수 있다고 안내하였고, 그 해당사항이 입찰시 예측이 불가한점등에 따라 해당 내용이 추가로 지시가 된다면 이에 대한 대금은 반드시 지급되어야 합니다.","부당특약은 아니나, 해석에 대한 부분을 명확히 하고자 함"
"1) 조적공사에 소요되는 재료비, 노무비, 장비비 및 제반 경비 일체 - 현장내 소운반 포함","1) 조적공사에 소요되는 재료비, 노무비, 장비비 및 제반 경비 일체 - 현장내 소운반(최대 몇 KM?) 포함","원사업자는 수급사업자의 이익을 부당하게 침해하거나 제한하는 계약조건(이하 ""부당한 특약""이라 한다)을 설정하여서는 아니 된다"
"4) 타일나누기 후 샘플시공에 의해 정해진 타일 수량만큼만 지급하도록 하며, 파손 및 절단오류 등으로 발생하는 타일 추가분은 “원사업자”이 지급하지 않는다","4) 타일나누기 후 샘플시공에 의해 정해진 타일 수량만큼만 지급하도록 하며, ""수급사업자의 귀책사유(파손 및 절단오류 등)으로 발생하는 타일 추가분은 “원사업자”이 지급하지 않는다","원사업자는 수급사업자의 이익을 부당하게 침해하거나 제한하는 계약조건(이하 ""부당한 특약""이라 한다)을 설정하여서는 아니 된다"
"4) 각종 렌탈, 가설 비계 및 발판비용 등은 포함해야 하며, 전기, 설비 기존 설치물 전면 보양 및 
제거비용도 포함하여 견적한다.","4) 각종 렌탈, 가설 비계 및 발판비용 등은 포함해야 하며, 전기, 설비 기존 설치물 전면 보양 및 제거비용을 (내역명 명기)에 포함하여 견적한다.",원사업자가 입찰내역에 없는 사항을 요구함에 따라 발생된 비용을 수급사업자에게 부담시키는 약정
"”수급사업자”는 공사 여건을 고려한 시공에 필요한 모든 가설 및 가설장비 비용을 해당공사내역에
 포함하여 입찰하여야 한다. (별도의 정산 및 추가금액 집행 없음)","”수급사업자”는 공사 여건을 고려한 시공에 필요한 모든 가설 및 가설장비 비용을 해당공사내역에
 포함하여 입찰하여야 한다. (별도의 정산 및 추가금액 집행 없음)",계약 기간 중 수급사업자가 법 제 16조의 2에 따라 하도급 대금 조정을 신청할 수 있는 권리를 제한하는 약정
"3.1 다음에 소요되는 비용은 공급자(납품자, 제조업자) 부담으로 한다.
(전략) 3.1.2 사용기기의 시험에 소요되는 제반 비용","3.1 다음에 소요되는 비용은 공급자(납품자, 제조업자) 부담으로 XX내역에 비용을 포함하여 견적한다
(전략) 3.1.2 사용기기(AAA,BBB, 등) 의 시험에 소요되는 제반 비용","원사업자는 수급사업자의 이익을 부당하게 침해하거나 제한하는 계약조건(이하 ""부당한 특약""이라 한다)을 설정하여서는 아니 된다"
"5.1 공급자(납품자)는 납품설치시부터 정상동작 확인을 완료하여 인계할 때까지 발생 되는 모든 안전관리
사고(화재, 감전사고 등)에 대한 책임을 져야 한다.
5.2 공급자(납품자)은 하자보증기간동안 하자보수 지연으로 발생되는 안전사고에 대한 책임을 져야 한다.","5.1 공급자(납품자)는 납품설치시부터 정상동작 확인을 완료하여 인계할 때까지 ""수급사업자""의 귀책으로 발생 되는 모든 안전관리
사고(화재, 감전사고 등)에 대한 책임을 져야 한다.
5.2 공급자(납품자)은 하자보증기간동안 하자보수요청에 따른 즉시 수행을 원칙으로 하며, 지연 수행 등의 ""수급사업자""의 귀책으로 인한 발생되는 안전사고에 대한 책임을 져야 한다.","원사업자는 수급사업자의 이익을 부당하게 침해하거나 제한하는 계약조건(이하 ""부당한 특약""이라 한다)을 설정하여서는 아니 된다"
"6.2.11 공사 수행 전반에 걸쳐 관계 관청 인허가 업무 수행을 해야하며, 이에 필요한 비용은 “관리비 및 이윤”에 포함하여 투찰한다.","6.2.11 공사 수행 전반에 걸쳐 관계 관청 인허가 업무에 성실히 협조해야하며, 이에 필요한 비용은 “관리비 및 이윤”에 포함하여 투찰한다.","관련 법령에 따라 원사업자의 의무사항으로 되어 있는 인•허가, 환경관리 또는 품질관리 등과 관련하여 발생하는 비용을 수급사업자에게 부담시키는 약정"
"5. 일반사항 중 수정내용
5.12.6 지하 이중벽 공사
1)지하 이중차수벽은 경량철골위 CRC보드(9T이상) 피스고정으로 시공하며, 최상부는 PVC몰딩 마감후 천정과 30mm이격하며 최하부는 AL타공그릴(H=100mm)로 마감하도록 한다. 피스부위는 퍼티 및 샌딩처리하여 도장마감이 가능하도록 마감한다. CRC보드에 대한 공인기관의 시험비용을 포함하여 견적한다. 비계 및 가시설 비용을 포함하여 견적한다.","5. 일반사항 중 수정내용
5.12.6 지하 이중벽 공사
1)지하 이중차수벽은 경량철골위 CRC보드(9T이상) 피스고정으로 시공하며, 최상부는 PVC몰딩 마감후 천정과 30mm이격하며 최하부는 AL타공그릴(H=100mm)로 마감하도록 한다. 피스부위는 퍼티 및 샌딩처리하여 도장마감이 가능하도록 마감한다. CRC보드에 대한 공인기관의 시험비용과 비계 등의 가시설 비용을 '지하 이중벽 공사' 해당내용에 포함하여 견적한다.",원사업자가 입찰내역에 없는 사항을 요구함에 따라 발생된 비용을 수급사업자에게 부담시키는 약정
"6.1.9 “수급사업자”의 공정이 계획보다 현저히 늦어질 때, “원사업자”의 시정 지시가 제대로 이루어 지지 않을 
때, “수급사업자”의 현장 정리 및 안전관리가 불량할 때 등의 사유 발생 시 “원사업자”의 판단에 의거 계약 
범위의 전부 또는 일부를 변경, 조정할 수 있다.",3.9.6 정산방법 내용과 중복 삭제 요망,부당특약은 아니나 동어 반복으로 인한 수정 요청
"5. 일반사항 중 수정내용
5.12.6 지하 이중벽 공사
1)지하 이중차수벽은 경량철골위 CRC보드(9T이상) 피스고정으로 시공하며, 최상부는 PVC몰딩 마감후 천정과 30mm이격하며 최하부는 AL타공그릴(H=100mm)로 마감하도록 한다. 피스부위는 퍼티 및 샌딩처리하여 도장마감이 가능하도록 마감한다. CRC보드에 대한 공인기관의 시험비용을 포함하여 견적한다. 비계 및 가시설 비용을 포함하여 견적한다.","5. 일반사항 중 수정내용
5.12.6 지하 이중벽 공사
1)지하 이중차수벽은 경량철골위 CRC보드(9T이상) 피스고정으로 시공하며, 최상부는 PVC몰딩 마감후 천정과 30mm이격하며 최하부는 AL타공그릴(H=100mm)로 마감하도록 한다. 피스부위는 퍼티 및 샌딩처리하여 도장마감이 가능하도록 마감한다. CRC보드에 대한 공인기관의 시험비용과 비계 등의 가시설 비용을 '지하 이중벽 공사' 해당내용에 포함하여 견적한다.",원사업자가 입찰내역에 없는 사항을 요구함에 따라 발생된 비용을 수급사업자에게 부담시키는 약정
"6.1.9 “수급사업자”의 공정이 계획보다 현저히 늦어질 때, “원사업자”의 시정 지시가 제대로 이루어 지지 않을 
때, “수급사업자”의 현장 정리 및 안전관리가 불량할 때 등의 사유 발생 시 “원사업자”의 판단에 의거 계약 
범위의 전부 또는 일부를 변경, 조정할 수 있다.",3.9.6 정산방법 내용과 중복 삭제 요망,부당특약은 아니나 동어 반복으로 인한 수정 요청
"6.1.14 자재운반 및 본공사 작업 관련한 장비 사용은 “수급사업자”의 부담이며 자재운반, 인양조립 및 본 공사에 관련한 모든 비용을 “수급사업자”의 부담으로 시행하고 장비사용계획서를 필히 “원사업자”에게 제출하여야 한다","6.1.14 자재운반 및 본공사 작업 관련한 장비 사용은 “수급사업자”의 부담이므로 자재운반, 인양조립 및 본 공사에 사용할 장비비를 각 공사 내역에 포함하여 투찰토록 하며, 장비사용계획서를 필히 “원사업자”에게 제출하여야 한다",원사업자가 입찰내역에 없는 사항을 요구함에 따라 발생된 비용을 수급사업자에게 부담시키는 약정
"6.1.17  “수급사업자”은 공사용 Shop Drawing 및 준공도면 작성비용은 단가에 포함시켜 입찰하고, 도면과 전자파일은 “원사업자”에게 제출한다.","6.1.17  “수급사업자”은 공사용 Shop Drawing 및 준공도면 작성비용은 ( 내역명 명기)단가에 포함시켜 입찰하고, 도면과 전자파일은 “원사업자”에게 제출한다.",원사업자가 입찰내역에 없는 사항을 요구함에 따라 발생된 비용을 수급사업자에게 부담시키는 약정
"6.1.20 자재 운반시에 발생하는 문제(교통문제, 통제문제, 민원문제)는 “수급사업자”의 책임하에 실시하고, 운반시는 흔들림이나 충격 등으로 인하여 부재 손상이 없도록 PACKING 하여야 하며 견적시 데크플레이트 제작 단가에 포함하여야 한다","6.1.20 자재 운반에 대해서는 “수급사업자”의 책임하에 진행되어야 하며, 운반시 흔들림이나 충격 등으로 인하여 부재 손상이 없도록 PACKING 하여야 하며 견적시 데크플레이트 제작 단가에 포함하여야 한다",위탁 시점에 원사업자와 수급사업자가 예측할 수 없는 사항과 관련하여 수급사업자에게 불합리하게 책임을 부담시키는 약정
"3. 공종(데크플레이트 공사) 특기사항
1) 지하층 끊어치기 구간에는 근로자의 불안전한행동 유발을 예방하기 위한 가설계단을 충분히 설치하여야 한다.","3. 공종(데크플레이트 공사) 특기사항
1) 지하층 끊어치기 구간에는 근로자의 불안전한행동 유발을 예방하기 위한 가설계단(어떤것이 가설계단 인가요?)을 충분히(몇개소?) 설치하여야 한다.",위탁 시점에 원사업자와 수급사업자가 예측할 수 없는 사항과 관련하여 수급사업자에게 불합리하게 책임을 부담시키는 약정
"1.0.1 현장별 계약내역 확정 전 “갑”은 “을”에게 해당 현장의 Guide 풍압 및 관련 도면을 제공하고, “을”은 이에
 대한 창호 내풍압 안정성 검토서 및 예가 내역서를 제출하여 “갑”의 사전 승인을 득한다.","1.0.1 현장별 계약내역 확정 전 “갑”은 “을”에게 해당 현장의 Guide 풍압 및 관련 도면을 제공하고, “을”은 이에
 대한 창호 내풍압 안정성 검토서 및 예가 내역서를 제출하여 “갑”의 사전 승인을 득한다.","부당특약은 아니나, 해석에 대한 부분을 명확히 하고자 함"
"모델하우스 사양 및 승인도면을 만족하도록 제작하여 시공한다.""",CE 의견 반영 필요,
1.0.7 자재 운반 및 이동시 장비사용에 대한 비용은 견적시 반영한다. (리프트카 이외 윈치 등 장비지원 없음),1.0.7. 자재 운반 및 이동시 장비사용에 대한 비용은 견적시 해당 공사 내역에 반영한다. (리프트카 이외 윈치 등 장비지원 없음),원사업자가 입찰내역에 없는 사항을 요구함에 따라 발생된 비용을 수급사업자에게 부담시키는 약정
"PL 창호 특기 시방서
1.11  품질미비에 따른 향후 입주자의 교체 요구나 이의 제기시 “을”이 전적으로 책임을 진다.","PL 창호 특기 시방서 
1.11 ""수급사업자""의 귀책사유로 인한 품질미비로 향후 입주자의 교체 요구나 이의 제기시 “을”이 전적으로 책임을 진다.","원사업자는 수급사업자의 이익을 부당하게 침해하거나 제한하는 계약조건(이하 ""부당한 특약""이라 한다)을 설정하여서는 아니 된다"
"2.1.5 양중장비 사용시 안전작업계획서를 사전에 제출하고 “갑”의 승인 후에 작업을 실시하며, 
양중장비는 “을”의 비용으로 한다.","2.1.5 양중장비는 ""원사업자""의 지원이 없으므로 현장 여건을 충분히 파악한 후 해당공사 내역에 포함하여 투찰하여야 한다.
 ""수급사업자""의 필요로 양중 장비 사용시 안전작업계획서를 사전에 제출하고 “갑”의 승인 후에 작업을 실시한다.",원사업자가 입찰내역에 없는 사항을 요구함에 따라 발생된 비용을 수급사업자에게 부담시키는 약정
"2.1.6 “을”의 공사용 주자재(부자재 포함)의 공급과 하차, 소운반에 소요되는 장비비 등 비용은 
“을”의 비용으로 한다.","2.1.6 본 계약의 각 내역 단가에 “수급사업자”가 공급하는 자재의 하차, 현장내 운반 등을 위한 장비비용을 포함하여 견적한다.","원사업자는 수급사업자의 이익을 부당하게 침해하거나 제한하는 계약조건(이하 ""부당한 특약""이라 한다)을 설정하여서는 아니 된다"
2.2.1 모든 공사는 쌍방히 합의하여 인감을 날인한 계약서 계약조건에 따른다.,삭제,불필요 문구 삭제
2.3.2 “갑”과 협의 없이 작업 중 발생한 민원사항에 대해서는 “을”의 책임으로 해결한다.,삭제,불필요 문구 삭제
"기성 노무비에 대하여는 설치 시 70%, 해체 시 30% 지급한다.",삭제,"설치공사를 한 수량과 기성이 나가는 수량의 불일치로 인하여, 법위반 소지가 있음"
2.11 문주 철골공사와 관련한 가설비용은 포함하여 견적한다,2.11 문주 철골공사와 관련한 가설비용은 (내역명 명기)에 포함하여 견적한다,원사업자가 입찰내역에 없는 사항을 요구함에 따라 발생된 비용을 수급사업자에게 부담시키는 약정
"6.1 계약도서(시방서, 도면, 사양서)와 관련법규가 상이할 시는 당사와 협의하여 시행하되, 계약도서의 상호간 모호한 사항(규격, 사양 등)에 대한 해석우선순위는 다음과 같다.
“입찰유의서(현장설명서)>계약서(시공구입사양서)>설계도서>산출내역서",삭제,"부당특약은 아니지만, 공사개별약관 제 22조 내용과 중첩으로 인한 삭제 요망"
"근로기준법 관련하여 근로시간단축(주52시간)에 따른 추가 인원 및 장비의 투입관련 비용은 견적에 반영하며, 이로 인한 금액증감은 없으므로 이를 충분히 반영하여 투찰한다",삭제,"부당특약으로 판단되지는 않으나, 근로기준법 등 여타 법에서 규정하고 있는 바이므로 삭제를 권고함"
"근로기준법 관련하여 근로시간단축(주52시간)에 따른 추가 인원 및 장비의 투입관련 비용은 견적에 반영하며, 이로 인한 금액 증감은 없으므로 이를 충분히 반영하여 투찰한다.",삭제,"부당특약으로 판단되지는 않으나, 근로기준법 등 여타 법에서 규정하고 있는 바이므로 삭제를 권고함"
"6.1 공사와 관련된 인허가 등 대관업무는 “수급사업자”의 범위이며, 이로 인해 발생하는 비용은 내역서의
    기술검토 및 인허가비로 투찰한다.","6.1 “수급사업자”는 공사와 관련된 인허가 등 대관업무에 최대한 협조해야하며, 이로 인해 발생하는 비용은 내역서의
    기술검토 및 인허가비로 투찰한다.","관련 법령에 따라 원사업자의 의무사항으로 되어 있는 인•허가, 환경관리 또는 품질관리 등과 관련하여 발생하는 비용을 수급사업자에게 부담시키는 약정"
"6.0.1 본 사업의 전체 수행범위에 포함되는 공동주택 사업부지 경계 외에 존재하는 사업부지 외곽 도로, 부지 내/외부 공원, 녹지, 교량, 하천정비 조성 및 종교시설 신축공사(이하 “기반시설 등”)는 “수급사업자”의 수행범위에 포함되지 않으나, 전체 사업의 원활한 진행을 위해 각 공사관계자간 협의에 적극 참여하고 관련 이행사항을 성실히 수행하여야 한다.","6.0.1 본 사업의 전체 수행범위에 포함되는 공동주택 사업부지 경계 외에 존재하는 사업부지 외곽 도로, 부지 내/외부 공원, 녹지, 교량, 하천정비 조성 및 종교시설 신축공사(이하 “기반시설 등”)는 “수급사업자”의 수행범위에 포함되지 않으나, 전체 사업의 원활한 진행을 위해 협의 및 관련 이행사항에 성실히 협조한다.","원사업자는 수급사업자의 이익을 부당하게 침해하거나 제한하는 계약조건(이하 ""부당한 특약""이라 한다)을 설정하여서는 아니 된다"
"6.0.6 시험성적서가 있다하더라도 감리 및 원사업자 공사담당자 확인 후 품질에 하자가 있을 시 반입 또는 회차할 수 있으며, 지정된 토취장 이외의 흙이 반입되다 적발시 혹은 “수급사업자”의 귀책사유로 인하여 발생시 “수급사업자의” 비용으로 회수 및 반출하여야 한다","6.0.6 (5.4.3 시공확인 및 검사) 절차에 의거하여 품질에 하자가 있을 시 반입 또는 회차할 수 있으며, 지정된 토취장 이외의 흙이 반입되다 적발시 혹은 “수급사업자”의 귀책사유로 인하여 발생시 “수급사업자의” 비용으로 회수 및 반출하여야 한다","원사업자는 수급사업자의 이익을 부당하게 침해하거나 제한하는 계약조건(이하 ""부당한 특약""이라 한다)을 설정하여서는 아니 된다
* 현장 검사 즉, 당사에서 사전에 고지하는 검사 절차를 넘어서 현장에서 결함을 발견하여 반품을 시킨다면 하도급법 상 '부당한 반품'에 해당 할수 있습니다."
"6.9.22 콘크리트배관 등 가설 OPEN 방수는 별도 항목이 없으며, 세대 도막방수 단가에 포함하여
견적하도록 한다.(별도 수량정산 없음)","6.9.22 콘크리트배관 등 가설 OPEN 방수는 별도 항목이 없으며, 세대 도막방수 단가에 포함하여
견적하도록 한다.(별도 수량정산 없음)",원사업자가 입찰내역에 없는 사항을 요구함에 따라 발생된 비용을 수급사업자에게 부담시키는 약정
"6.9.24 주동부 최하층, 공용부 및 지하주차장, 부대동의 액체방수코너보강 및 수용성아스팔트도막보강이 필요한 부위는 기계약단가로 정산한다","보강 필요부위에 대해서는 당사가 지정하는 것이므로 입찰시 금액 산정이 가능하게 정보를 주거나, '보강 필요시 상호 협의한 단가로 정산한다' 라고 수정 필요",원사업자가 입찰내역에 없는 사항을 요구함에 따라 발생된 비용을 수급사업자에게 부담시키는 약정
"6.9.22 콘크리트배관 등 가설 OPEN 방수는 별도 항목이 없으며, 세대 도막방수 단가에 포함하여
견적하도록 한다.(별도 수량정산 없음)","6.9.22 콘크리트배관 등 가설 OPEN 방수는 별도 항목이 없으며, 세대 도막방수 단가에 포함하여
견적하도록 한다.(별도 수량정산 없음)",원사업자가 입찰내역에 없는 사항을 요구함에 따라 발생된 비용을 수급사업자에게 부담시키는 약정
"6.9.24 주동부 최하층, 공용부 및 지하주차장, 부대동의 액체방수코너보강 및 수용성아스팔트도막보강이 필요한 부위는 기계약단가로 정산한다","1안) 6.9.24 주동부 최하층, 공용부 및 지하주차장, 부대동의 액체방수코너보강 및 수용성아스팔트도막보강이 필요한 부위는 아래 예시를 참조 바라며, 해당 계약 내역 ""액체 방수 코너보강 및 수용성 아스팔트막보강""(내역명)의 단가를 기준으로 추후 정산한다. 
2안) 삭제",원사업자가 입찰내역에 없는 사항을 요구함에 따라 발생된 비용을 수급사업자에게 부담시키는 약정
"6.9.22 콘크리트배관 등 가설 OPEN 방수는 별도 항목이 없으며, 세대 도막방수 단가에 포함하여
견적하도록 한다.(별도 수량정산 없음)","6.9.22 콘크리트배관 등 가설 OPEN 방수는 별도 항목이 없으며, 세대 도막방수 단가에 포함하여
견적하도록 한다.(별도 수량정산 없음)",원사업자가 입찰내역에 없는 사항을 요구함에 따라 발생된 비용을 수급사업자에게 부담시키는 약정
"6.9.24 주동부 최하층, 공용부 및 지하주차장, 부대동의 액체방수코너보강 및 수용성아스팔트도막보강이 필요한 부위는 기계약단가로 정산한다","1안) 6.9.24 주동부 최하층, 공용부 및 지하주차장, 부대동의 액체방수코너보강 및 수용성아스팔트도막보강이 필요한 부위는 아래 예시를 참조 바라며, 해당 계약 내역 ""액체 방수 코너보강 및 수용성 아스팔트막보강""(내역명)의 단가를 기준으로 추후 정산한다. 
2안) 삭제",원사업자가 입찰내역에 없는 사항을 요구함에 따라 발생된 비용을 수급사업자에게 부담시키는 약정
1.1.3  “갑”은 현장 여건 상 계약 설계도서와 변경하여 시공하도록 지시할 수 있으며 “갑”은 “갑”의 내부규정에 의한 “작업지시서”를 교부하여야 하며 “을”은 이를 접수 시 특별한 사유가 없는 한 즉시 이행해야 한다.,삭제,"법령에 따라 발급/이행에 대한 의무가 명기가 되어 있으므로, 불필요한 문구라 삭제 요망"
1.1.4  “을”에게 인계된 지급자재는 철저히 관리하고 분실 시는 변상조치를 하여야 하며 오시공으로 투입되는 추가 자재 및 노무비는 “을”의 부담으로 전량 공급 및 시공되어야 한다.,"1.1.4  “을”에게 인계된 지급자재는 철저히 관리하고 분실 시는 변상조치를 하여야 하며 ""수급사업자""의 귀책사유에 의한 오시공으로 투입되는 추가 자재 및 노무비는 “을”의 부담으로 전량 공급 및 시공되어야 한다.","원사업자는 수급사업자의 이익을 부당하게 침해하거나 제한하는 계약조건(이하 ""부당한 특약""이라 한다)을 설정하여서는 아니 된다"
"6.3.18 E/V Frame 사춤/미장 (40T,W=200)의 규격은 40~70T 기준이므로 사춤폭이 다소 증감 또는 
재질(우레아폼)이 조정된 부분에 있어서 추가 설계 변경은 없으며, 해당내역에 포함하여 투찰한다.","6.3.18 E/V Frame 사춤/미장 (40T,W=200)의 규격은 40~70T 기준이므로 입찰전 송부하는 도면을 기준으로 
공사 비용을 산출하여 해당 공사구간 내역에 포함하여 투찰한다.",원사업자(발주자 포함)가 설계나 작업내용을 변경함에 따라 발생하는 비용을 수급사업자에게 부담시키는 약정
"6.4.1 조적공사에 소요되는 재료비, 노무비, 장비비 및 제반 경비 일체 - 현장내 소운반 포함","6.4.1 조적공사에 소요되는 재료비, 노무비, 장비비 및 제반 경비 일체 - 현장내 소운반 포함 (최대 몇 Km?)",위탁 시점에 원사업자와 수급사업자가 예측할 수 없는 사항과 관련하여 수급사업자에게 불합리하게 책임을 부담시키는 약정
"6.3.18 E/V Frame 사춤/미장 (40T,W=200)의 규격은 40~70T 기준이므로 사춤폭이 다소 증감 또는 
재질(우레아폼)이 조정된 부분에 있어서 추가 설계 변경은 없으며, 해당내역에 포함하여 투찰한다.","6.3.18 E/V Frame 사춤/미장 (40T,W=200)의 규격은 40~70T 기준이므로 입찰전 송부하는 도면을 기준으로 
공사 비용을 산출하여 해당 공사구간 내역에 포함하여 투찰한다.",원사업자(발주자 포함)가 설계나 작업내용을 변경함에 따라 발생하는 비용을 수급사업자에게 부담시키는 약정
"6.4.1 조적공사에 소요되는 재료비, 노무비, 장비비 및 제반 경비 일체 - 현장내 소운반 포함","6.4.1 조적공사에 소요되는 재료비, 노무비, 장비비 및 제반 경비 일체 - 현장내 소운반 포함 (최대 몇 Km?)",위탁 시점에 원사업자와 수급사업자가 예측할 수 없는 사항과 관련하여 수급사업자에게 불합리하게 책임을 부담시키는 약정
"6.2.4 유리성능(구조, 단열 등) 검토에 따른 유리사양변경 및 수량증감시 기계약단가를 적용한다.","6.2.4 현재는 판유리(내용 확인필요)로 적용되어 있으나, 해당 사양이 XX.X월경 확정되므로 사양 확정 시 양자간 협의된 단가로 조정할수 있다.",위탁 시점에 원사업자와 수급사업자가 예측할 수 없는 사항과 관련하여 수급사업자에게 불합리하게 책임을 부담시키는 약정
"6.3.10 (중략)
* 협의율 : 설계변경 당시를 기준으로 산정한 단가와 동단가에 낙찰율을 곱한 금액의 범위안에서 회사와 계약당사자가 상호 협의하여 결정한 적용율 (낙찰율을 우선적용한다)","6.3.10 (중략)
* 협의율 : 설계변경 당시를 기준으로 산정한 단가를 고려하여 회사와 계약당사자가 상호 협의하여 결정한 적용율","신규 단가에 대해서는 양자간 협의하여 결정하는 것이 기준이며, 그 기준의 상한선을 당사에서 정하는 문구로 해석이 되어 이는 부당한 대금 결정의 법위반 Risk가 있음"
1)     신규단가는 당사 DB단가*낙찰율 또는 타현장 실적단가 등으로 협의하여 결정한다.,"7.2.11 (중략)
* 협의율 : 설계변경 당시를 기준으로 산정한 단가를 고려하여 회사와 계약당사자가 상호 협의하여 결정한 적용율","신규 단가에 대해서는 양자간 협의하여 결정하는 것이 기준이며, 그 기준의 상한선을 당사에서 정하는 문구로 해석이 되어 이는 부당한 대금 결정의 법위반 Risk가 있음"
"8.2.10 (중략)
* 협의율 : 설계변경 당시를 기준으로 산정한 단가와 동단가에 낙찰율을 곱한 금액의 범위안에서 회사와 계약당사자가 상호 협의하여 결정한 적용율 (낙찰율을 우선적용한다)","8.2.10 (중략)
* 협의율 : 설계변경 당시를 기준으로 산정한 단가를 고려하여 회사와 계약당사자가 상호 협의하여 결정한 적용율","신규 단가에 대해서는 양자간 협의하여 결정하는 것이 기준이며, 그 기준의 상한선을 당사에서 정하는 문구로 해석이 되어 이는 부당한 대금 결정의 법위반 Risk가 있음"
"6.1.30 당 현장 지역의 노조 대응(타워, 골조, 시스템비계, 하이드로 등)에 따른 적정 인원 및 장비의 투입관련 비용은 견적에 반영하며, 이로 인한 금액증감은 없으므로 이를 충분히 반영하여 투찰한다.","6.1.30 소속된 근로자의 관리는 수급사업자의 업무범위이다. 
         근로자의 관리는 당 현장 지역의 노조 (타워, 골조, 시스템 비계, 하이드로 등) 대응을 포함한다.",계약 기간 중 수급사업자가 법 제 16조의 2에 따라 하도급 대금 조정을 신청할 수 있는 권리를 제한하는 약정
6.6 발주내역 상 명기된 지급자재 외 공사에 소요되는 부속자재를 반영하여 투찰한다.,"6.6 (삭제) 
     공사에 소요되는 부속자재 (XXX,YYY 명기)",원사업자가 입찰내역에 없는 사항을 요구함에 따라 발생된 비용을 수급사업자에게 부담시키는 약정
11) 계약내역에 포함되어 있지 않은 공사에 필요한 각종 가시설 비용은 “수급사업자”의 부담으로 견적에 반영하도록 한다. (설치/ 해체 포함),"11) 계약내역에 포함되어 있지 않은 공사에 필요한 각종 가시설 (XXX,YYY 등) 비용은 “수급사업자”의 부담으로 견적에 반영하도록 한다. (설치/ 해체 포함)",원사업자가 입찰내역에 없는 사항을 요구함에 따라 발생된 비용을 수급사업자에게 부담시키는 약정
"6.1.15 절단 폐기물의 집토(적정크기의 소할파쇄 포함) 및 “원사업자”의 지정 장소까지 상차, 해당공사 구간의 청소, 정리까지 포함하여 견적한다.","6.1.15 절단 폐기물의 집토(적정크기의 소할파쇄 포함) 및 폐기물의 상차, 해당공사 구간의 청소, 정리까지 포함하여 견적한다.","원사업자의 지정위치를 현장설명회시 추가로 정보를 주어야 부당특약 Risk가 저감될 것으로 보이며, 해당 공사는 여타 공사 처럼 암롤 박스를 지정위치에 두고 폐기물을 수집/처리하는 것이 아니므로 문구 수정이 필요"
"6. 13 S/D 기간 중 짧은 기간 내 대량의 물량을 철거/설치해야 하므로 공정에 따라 야간, 철야
    작업이 있음을 감안한다.","S/D 기간을 명기 하고, 야간/철야 작업이 기간을 추가로 명기하여야함",위탁 시점에 원사업자와 수급사업자가 예측할 수 없는 사항과 관련하여 수급사업자에게 불합리하게 책임을 부담시키는 약정
- 사용 완료된 Wire/Shackle 은 당사 담당자의 검수 후(재사용 여부 판단) 당사에 반납한다.,"중량물 인양기구 금액을 포함시킬 내역 명기 필요
예) - 중량물 인양기구 (Wire/Shackle) 비용은 ""XXXX"" 내역에 포함하여 투찰한다 
     -  사용 완료된 Wire/Shackle 은 당사 담당자의 검수 후(재사용 여부 판단) 당사에 반납한다.",원사업자가 입찰내역에 없는 사항을 요구함에 따라 발생된 비용을 수급사업자에게 부담시키는 약정
7. 기기 및 Duct 설치를 위해 필요한 가 시설물에 대해서도 설치비에 포함하여 입찰한다.,"7. 기기 및 Duct 설치를 위해 필요한 가 시설물(윈치, XXXX, YYY 등)에 대해서도 해당공사 내역 설치비에 포함하여 입찰한다.",원사업자가 입찰내역에 없는 사항을 요구함에 따라 발생된 비용을 수급사업자에게 부담시키는 약정
12. Pad 및 Grout용 무수축 Mortar은 MR-7000으로 반영하여 투찰한다.,12. Pad 및 Grout용 무수축 Mortar은 MR-7000에 해당하는 Spec.을 명기 으로 반영하여 투찰한다.,특정 제품을 명기시 하도급법 중 '부당한 하도급 대금의 결정' 법위반 Risk가 존재
6.2.2 마. 동절기 공사 면적(m2)당 5000원으로 단가 산정하여 추후 설계 변경함,특정 내역에 대해 당사가 일방적으로 단가를 정하는 행위는 부당한 하도급 대금의 결정의 Risk가 존재함,
"수급사업자” 공사범위와 관련한 현장 내 정리정돈 및 청소요원배치, 장비 및 자재 반출입 시의 
교통 통제원의 비용을 포함하여 투찰한다.","수급사업자” 공사범위와 관련한 현장 내 정리정돈 및 청소요원배치, 장비 및 자재 반출입 시의 
교통 통제원의 비용을 (내역명 명기) 포함하여 투찰한다.",원사업자가 입찰내역에 없는 사항을 요구함에 따라 발생된 비용을 수급사업자에게 부담시키는 약정
"수급사업자” 공사범위와 관련한 현장 내 정리정돈 및 청소요원배치, 장비 및 자재 반출입 시의 
교통 통제원의 비용을 포함하여 투찰한다.","수급사업자” 공사범위와 관련한 현장 내 정리정돈 및 청소요원배치, 장비 및 자재 반출입 시의 
교통 통제원의 비용을 (내역명 명기) 포함하여 투찰한다.",원사업자가 입찰내역에 없는 사항을 요구함에 따라 발생된 비용을 수급사업자에게 부담시키는 약정
"수급사업자” 공사범위와 관련한 현장 내 정리정돈 및 청소요원배치, 장비 및 자재 반출입 시의 
교통 통제원의 비용을 포함하여 투찰한다.","수급사업자” 공사범위와 관련한 현장 내 정리정돈 및 청소요원배치, 장비 및 자재 반출입 시의 
교통 통제원의 비용을 (내역명 명기) 포함하여 투찰한다.",원사업자가 입찰내역에 없는 사항을 요구함에 따라 발생된 비용을 수급사업자에게 부담시키는 약정
"수급사업자” 공사범위와 관련한 현장 내 정리정돈 및 청소요원배치, 장비 및 자재 반출입 시의 
교통 통제원의 비용을 포함하여 투찰한다.","수급사업자” 공사범위와 관련한 현장 내 정리정돈 및 청소요원배치, 장비 및 자재 반출입 시의 
교통 통제원의 비용을 (내역명 명기) 포함하여 투찰한다.",원사업자가 입찰내역에 없는 사항을 요구함에 따라 발생된 비용을 수급사업자에게 부담시키는 약정
"가. 타일의 부착력 테스트는 “수급사업자”의 비용으로 실시하며, 시험결과 부착강도가 4㎏/㎠이상이어야 한다.","가. 타일의 부착력 테스트는 원사업자가 실시함을 원칙으로 하며, 시험결과 부착강도 기준 4㎏/㎠이상을 미달할 경우 재시험비용은 수급사업자가 부담한다.",
"6.2.9. 설계변경 등 ‘갑’ 사유가 아닌, 부득이한 코어 등의 작업이 발생할 경우 감리 또는 ‘갑’의 구조보강에 대한 요구가 있을 때에는 소요되는 비용(구조검토비 포함)을 부담하여야 한다.","6.2.9. 수급사업자의 귀책사유로, 감리 또는 ‘갑’의 구조보강에 대한 요구가 있을 때에는 소요되는 비용(구조검토비 포함)을 부담하여야 한다.","해당 비용에 대해서 전가하기 위해서는 반드시 수급사업자의 귀책사유가 전제되어야 하며, 그렇지 않을 경우 추가비용을 협의하여 결정하여야 합니다."
마. 동절기 공사 면적(m2)당 5000원으로 단가 산정하여 추후 설계 변경함,삭제,내역에 없는 사항에 대해 대금을 결정하였다고 오해의 소지가 있을수 있습니다.
"1) 공사 중 작업공간(폭)의 협소 또는 각처리 난해 등에 의한 별도 추가정산은 없으므로 이를 감안하여 견적한다. 단, 걸레받이 설치 면적은 별도 공제하지 아니한다.","1) 수급사업자는 사전 제공하는 도면 등 자료를 통해 공사 중 작업공간(폭)의 협소 또는 각처리 난이도에 대한 충분한 검토를 해야할 의무를 지닌다. 단, 걸레받이 설치 면적은 별도 공제하지 아니한다.",
"4) “수급사업자”가 반입하는 자재의 하차 및 소운반 비용은 “수급사업자”의 비용으로 해당내역에 포함하여 견적하며, 자재야적 시 받침목을 사용하여야 하며, 이를 감안하여 견적한다.","4) “수급사업자”가 반입하는 자재의 하차 및 소운반 비용은 “수급사업자”의 비용으로 해당내역에 포함하여 견적하며, 자재야적 시 받침목을 사용하여야 하며, 이를 감안하여 견적한다. (최대 몇 Km?)",
"9)  “원사업자”의 지급자재 외 공사에 소요되는 모든 주, 부자재는 “수급사업자”이 부담하여야 하며, 사용 전 SAMPLE을 제출하여 감독자의 승인을 득하도록 하며 시험검사비는 “수급사업자”의 부담으로 한다.","9) “원사업자”의 지급자재 외 공사에 소요되는 모든 주, 부자재는 “수급사업자”이 부담하여야 하며, 사용 전 SAMPLE을 제출하여 감독자의 승인을 득하도록 하며 본 시공의 품질은 Sample 시공품질의 동등 이상이어야 한다.",
"14) 근로기준법 관련하여 근로시간단축(주52시간), 당 현장 지역의 노조 대응(타워, 골조, 시스템비계, 하이드로 등)따른 적정 인원 및 장비의 투입관련 비용은 견적에 반영하며, 이로 인한 금액증감은 없으므로 이를 충분히 반영하여 투찰한다.","14) 근로기준법 관련하여 근로시간단축(주52시간), 당 현장 지역의 노조 대응(타워, 골조, 시스템비계, 하이드로 등)따른 적정 인원 및 장비의 투입관련 비용은 견적에 반영하며, 이로 인한 금액증감은 없으므로 이를 충분히 반영하여 투찰한다.",
"6.2.1 공통사항
5) “원사업자”의 지급자재 외 공사에 소요되는 모든 주, 부자재는 “수급사업자”가 부담하여야 하며, 사용  전 SAMPLE을 제출하여 감독자의 승인을 득하도록 한다. KS제품을 사용하도록 하며 작업 전 사용자재를 반입하여 공인기관에 시험을 의뢰하여 합격품만을 사용하도록 한다.","6.2.1 공통사항
5) “원사업자”의 지급자재 외 공사에 소요되는 모든 주, 부자재는 “수급사업자”가 부담하여야 하며, 사용  전 SAMPLE을 제출하여 감독자의 승인을 득하도록 한다. KS제품을 사용하도록 하며 작업 전 사용자재를 반입하여 공인기관에 시험을 의뢰하여 합격품만을 사용하도록 한다.",불필요(합리적/객관적으로 당연한 사항)
"6.2.1 공통사항
6) 시공 후 잔여 자재는 반드시 지정장소로 운반하도록 하여 자재정리 및 보관관리가 용이하도록 하며 부주의로 파손 및 분실하였을 경우 부족분 및 파손분에 대해서는 “수급사업자”의 책임하에 반입토록 한다.","6.2.1 공통사항
6) 시공 후 잔여 자재는 반드시 지정장소(현장내 몇km?)로 운반하도록 하여 자재정리 및 보관관리가 용이하도록 한다.며 수급사업자의 부주의로 파손 및 분실하였을 경우 부족분 및 파손분에 대해서는 “수급사업자”의 책임하에 반입토록 한다.","위탁시점에 원사업자와 수급사업자가 예측할 수 없는 사항과 관련하여 수급사업자에게 불합리하게 책임을 부담시키는 약정

불필요(합리적/객관적으로 당연한 사항)"
"6.2.1 공통사항
7) 모든 시공 부위의 실측, 시공 Shop DWG 작성 및 제출 비용을 포함하여 견적한다.","6.2.1 공통사항
7) 모든 시공 부위의 실측, 시공 Shop DWG 작성 및 제출 비용을 어느내역에?포함하여 견적한다.",원사업자가 입찰내역에 없는 사항을 요구함에 따라 발생된 비용을 수급사업자에게 부담시키는 약정
"6.2.4 공사 관련 사항(전기)
1) 가설건물의 전기공사 일체를 견적시 포함한다.","6.2.4 공사 관련 사항(전기)
1) 가설건물의 전기공사 일체를 견적시 어느내역에? 포함한다.",원사업자가 입찰내역에 없는 사항을 요구함에 따라 발생된 비용을 수급사업자에게 부담시키는 약정
"6.1 주요 내역 견적/정산 조건(일반)
6.1.2 시공 후 잔여 자재는 반드시 지정된 장소로 운반하여 자재 구획 및 정리를 실시하여야 한다.
(품명, 규격, 수량, 사용기간 표찰 부착) 또한, 부주의로 파손 및 분실하였을 경우 부족분 및 파손분에 대해서는 “수급사업자”의 책임하에 반입 하도록 한다.","6.1 주요 내역 견적/정산 조건(일반)
6.1.2 시공 후 잔여 자재는 반드시 지정된 장소로 운반하여 자재 구획 및 정리를 실시하여야 한다. 
(품명, 규격, 수량, 사용기간 표찰 부착) (삭제)
또한, 부주의로 파손 및 분실하였을 경우 부족분 및 파손분에 대해서는 “수급사업자”의 책임하에 반입 하도록 한다.",불필요(합리적/객관적으로 당연한 사항)
6.1.8 현장 주변은 주차공간이 없으므로 주변 현황 파악 후 견적한다. 특히 주변 아파트 및 가설휀스 주변 불법주차로 인해 민원이 빈번하게 발생하고 있으므로 지정주차 공간 외에는 주차가 절대 불가하다,6.1.8 현장 주변은 주차공간이 없으므로 주변 현황 파악 후 견적한다. 특히 주변 아파트 및 가설휀스 주변 불법주차로 인해 민원이 빈번하게 발생하고 있으므로 지정된 주차 공간에 주차하여야 한다.,법에 따라 인정되거나 법에서 보호하는 수급사업자의 권리·이익을 부당하게 제한하는 약정
"6.1.10 근로기준법 관련하여 근로시간단축(주52시간)에 따른 추가 인원 및 장비의 투입관련 비용은 견적에 반영하며, 이로 인한 금액증감은 없으므로 이를 충분히 반영하여 투찰한다.","6.1.10 근로기준법 관련하여 근로시간단축(주52시간)에 따른 추가 인원 및 장비의 투입관련 비용은 해당작업내역? 관리비 및 이윤? 견적에 반영한다.
(삭제)하며, 이로 인한 금액증감은 없으므로 이를 충분히 반영하여 투찰한다.

※ 계약내역서상 어느 내역에 또는 관리비 및 이윤에 포함하여야 하는지 명확히 기재해 주세요. (또한, 공사성 비용을 간접비(관리비 및 이윤)에 포함시키지 않도록 주의하여 주시기 바랍니다.)","원사업자가 입찰내역에 없는 사항을 요구함에 따라 발생된 비용을 수급사업자에게 부담시키는 약정

법에 따라 인정되거나 법에서 보호하는 수급사업자의 권리·이익을 부당하게 제한하는 약정"
"6.2 주요 내역 견적/정산 조건(전기)
6.2.1 계약내역에 포함된 아래 항목은 “수급사업자”이 견적시 반영하고 이행한다.","6.2 주요 내역 견적/정산 조건(전기)
6.2.1 계약내역에 포함된 아래 항목은 “수급사업자”가 견적시 해당작업 내역에 반영하고 이행한다.

※ 계약내역서상 어느 내역에 또는 관리비 및 이윤에 포함하여야 하는지 명확히 기재해 주세요. (또한, 공사성 비용을 간접비(관리비 및 이윤)에 포함시키지 않도록 주의하여 주시기 바랍니다.)",원사업자가 입찰내역에 없는 사항을 요구함에 따라 발생된 비용을 수급사업자에게 부담시키는 약정
"6.2.2 “원사업자”은 현장여건 상 계약설계도서를 변경하여 시공하도록 지시할 수 있으며, 반드시 “원사업자”의 내부규정에 의한 “작업지시서”를 교부하여야 하며 “수급사업자” 은 이를 접수 시 특별한 사유가 없는 한 즉시 이행해야만 한다. 이후, 이행에 따른 변경도면, 물량산출서, 내역서를 7일 이내 제출한다.","6.2.2 “원사업자”은 현장여건 상 계약설계도서를 변경하여 시공하도록 지시할 수 있으며, 반드시 “원사업자”의 내부규정에 의한 “작업지시서”를 교부하여야 하며 “수급사업자” 은 이를 접수 시 특별한 사유가 없는 한 즉시 이행해야만 한다. 이후, 이행에 따른 변경도면, 물량산출서, 내역서를 7일 이내 제출한다.
(단, 입찰시 예측이 불가한 사항은 향후 협의하여 정산한다.)",위탁시점에 원사업자와 수급사업자가 예측할 수 없는 사항과 관련하여 수급사업자에게 불합리하게 책임을 부담시키는 약정
"6.2.3 전기실 저압반은 케이블 선로(상)표시찰을 설치하며 지하주차장 TRAY에 60M마다 또한 분기개소 및 동출입구 부위등은 케이블 선로표시찰을 설치하여 투찰시 반영한다. 또한, 동 입상케이블은 수직하중을 대비하여 케이블 그랜드를 설치하며 투찰시 반영한다.(설치개소는 담당자와 협의)","6.2.3 전기실 저압반은 케이블 선로(상)표시찰을 설치하며 지하주차장 TRAY에 60M마다 또한 분기개소 및 동출입구 부위등은 케이블 선로표시찰을 설치하여 투찰시 반영한다. 또한, 동 입상케이블은 수직하중을 대비하여 케이블 그랜드를 설치하며 투찰시 해당작업 내역에 반영한다.(설치개소는 담당자와 협의하며, 입찰시 예측이 불가한 사항은 향후 협의하여 정산한다.)","원사업자가 입찰내역에 없는 사항을 요구함에 따라 발생된 비용을 수급사업자에게 부담시키는 약정

위탁시점에 원사업자와 수급사업자가 예측할 수 없는 사항과 관련하여 수급사업자에게 불합리하게 책임을 부담시키는 약정"
"6.3 기타 특기 조건
6.3.2 당 현장은 “출입관리시스템(안면인식)” 적용 예정으로 “원사업자”의 출입관리시스템에 의해 출역 관리를 해야 하며, 해당 시스템 설치 및 사용 비용은 “수급사업자”의 비용으로 한다.","6.3 기타 특기 조건
6.3.2 당 현장은 “출입관리시스템(안면인식)” 적용 예정으로 “원사업자”의 출입관리시스템에 의해 출역 관리를 해야 하며, 해당 시스템 설치 및 사용 비용은 견적시 어느 내역??에 반영한다.",원사업자가 입찰내역에 없는 사항을 요구함에 따라 발생된 비용을 수급사업자에게 부담시키는 약정
"6.3.5 모든 자재는 “원사업자”의 승인을 득한 자재만이 현장에 반입할 수 있다. 자재 승인 제출서류는 사업자등록증, 카탈로그, 시험성적서, 제조업체 현황, 상세 도면 등 검사에 필요한 관계자료 일체를 제출한다.","6.3.5 모든 자재는 “원사업자”의 승인을 득한 자재만이 현장에 반입할 수 있다. 자재 승인 제출서류는 사업자등록증, 카탈로그, 시험성적서, 제조업체 현황, 상세 도면 등 검사에 필요한 관계자료 일체를 제출한다.",법에 따라 인정되거나 법에서 보호하는 수급사업자의 권리·이익을 부당하게 제한하는 약정
6.3.7 현장 주변은 주차공간 없으므로 주변 현황 파악 후 견적한다. 특히 주변 아파트 및 가설 휀스 주변 불법주차로 인해 민원이 빈번하게 발생하고 있으므로 지정 주차 공간 외에는 주차가 절대 불가하다.,"(삭제, 6.1.8 중복)
6.3.7 현장 주변은 주차공간 없으므로 주변 현황 파악 후 견적한다. 특히 주변 아파트 및 가설 휀스 주변 불법주차로 인해 민원이 빈번하게 발생하고 있으므로 지정 주차 공간 외에는 주차가 절대 불가하다.","불필요(합리적/객관적으로 당연한 사항)
6.1.8 중복"
6.3.8 현장 인근 민원으로 인해 주말/휴일에는 작업시간이 제한적으로 운영될 수 있다.,"(삭제)
6.3.8 현장 인근 민원으로 인해 주말/휴일에는 작업시간이 제한적으로 운영될 수 있다.",불필요(합리적/객관적으로 당연한 사항)
"6.3.9 당 현장 주변은 아파트 단지와 인접하여 있어 공사 진행 시 소음, 분진, 진동으로 인한 민원이 많을 것으로 예상되므로, 공사 수행 단계별 소음방지 대책을 강구 및 이행하여야 하고, 해당 금액은 견적에 포함한다. 또한, “수급사업자”은 시공 중 주변 상황을 수시로 체크 감시하여 민원발생 방지에 최선을 다해야 하며, “수급사업자”의 소음방지대책 미흡에 따른 민원발생으로 생긴 작업 지연 손실비용 일체에 대해 “원사업자”에게 청구할 수 없으며, 공기 지연이 발생되면 “수급사업자”의 비용으로 만회 대책을 강구하여야 한다.","6.3.9 당 현장 주변은 아파트 단지와 인접하여 있어 공사 진행 시 소음, 분진, 진동으로 인한 민원이 많을 것으로 예상되므로, 공사 수행 단계별 소음방지 대책을 강구 및 이행하여야 하고, 해당 금액은 견적시 어느내역? 포함한다. 
(삭제) 또한, “수급사업자”은 시공 중 주변 상황을 수시로 체크 감시하여 민원발생 방지에 최선을 다해야 하며, “수급사업자”의 소음방지대책 미흡에 따른 민원발생으로 생긴 작업 지연 손실비용 일체에 대해 “원사업자”에게 청구할 수 없으며, 공기 지연이 발생되면 “수급사업자”의 비용으로 만회 대책을 강구하여야 한다.","원사업자가 입찰내역에 없는 사항을 요구함에 따라 발생된 비용을 수급사업자에게 부담시키는 약정

불필요(합리적/객관적으로 당연한 사항)"
"1. 공통사항
4) 콘크리트벽체의 견출면과 접하는 미장면, 개구부 창호설치후 틈새 미장면, 계단실 측면 마감후 미장면,  경량벽의 조인트 부위는 미장작업, 경량벽체작업 완료 후 면정리 작업을 견출에서 마감하고 이에 소요되는 비용은 “수급사업자”가 부담한다.","1. 공통사항
4) 콘크리트벽체의 견출면과 접하는 미장면, 개구부 창호설치후 틈새 미장면, 계단실 측면 마감후 미장면,  경량벽의 조인트 부위는 미장작업, 경량벽체작업 완료 후 면정리 작업을 견출에서 마감하고 이에 소요되는 비용은 00내역에 반영하여 견적한다.",원사업자가 입찰내역에 없는 사항을 요구함에 따라 발생된 비용을 수급사업자에게 부담시키는 약정
5) 마감 조인트 부위 및 발코니 벽체하부 방수용 recess부위 미장시공은 “수급사업자”가 처리해야하며 이에 소요되는 비용은 “수급사업자”가 부담한다.,5) 마감 조인트 부위 및 발코니 벽체하부 방수용 recess부위 미장시공은 “수급사업자”가 처리해야하며 이에 소요되는 비용은 00내역에 반영하여 견적한다.,원사업자가 입찰내역에 없는 사항을 요구함에 따라 발생된 비용을 수급사업자에게 부담시키는 약정
6) 방수 및 기타 마감을 위한 해당부위의 볼트 및 핀 제거등은 단가에 포함하며 기계미장 및 쇠흙손마감부위는 당사 바닥미장 기준 표준에 의거하여 품질관리를 한다,6) 방수 및 기타 마감을 위한 해당부위의 볼트 및 핀 제거등은 (무슨단가인지요?)단가에 포함하며 기계미장 및 쇠흙손마감부위는 당사 바닥미장 기준 표준에 의거하여 품질관리를 한다,원사업자가 입찰내역에 없는 사항을 요구함에 따라 발생된 비용을 수급사업자에게 부담시키는 약정
"3. 거푸집공사 사항
4) 기준층 형틀 기준 
나. 주동부 층 단차 발생한 부위
- 외부형틀을 갱폼으로 시공할 경우 별도의 수정 비용은 없으며 갱폼설치해체 항목에 포함한다.","3. 거푸집공사 사항
4) 기준층 형틀 기준 
나. 주동부 층 단차 발생한 부위
(삭제)- 외부형틀을 갱폼으로 시공할 경우 별도의 수정 비용은 없으며 갱폼설치해체 항목에 포함한다.",법에 따라 인정되거나 법에서 보호하는 수급사업자의 권리·이익을 부당하게 제한하는 약정
"마. 지하층 및 옥탑층 등에 사용하는 유로폼은 신재 기준이며, 재생폼 사용시는 반드시 합판을 신재로 교체한 자재를 사용하도록 한다.","마. 지하층 및 옥탑층 등에 사용하는 유로폼은 신재 기준이며, 재생폼 사용시는 합리적 사유가 없는한 합판을 신재로 교체한 자재를 사용하도록 한다.",법에 따라 인정되거나 법에서 보호하는 수급사업자의 권리·이익을 부당하게 제한하는 약정
바. 호이스트카 설치부위에 대한 난간 후시공작업은 기존단가에 포함하여 견적한다.,"바. 호이스트카 설치부위에 대한 난간 후시공작업은 기존단가에 포함하여 견적한다.

기존단가가 무엇인지요? 수급사업자가 판단할 수 있도록 구체적으로 제시",원사업자가 입찰내역에 없는 사항을 요구함에 따라 발생된 비용을 수급사업자에게 부담시키는 약정
"9) 공사 시 사용한 모든 부위의 철물(FORM-TIE, 반생, 볼트 등), 합판 등의 부착물은 “수급사업자”의 비용으로 제거하여야 하며 처리 후 “원사업자의 승인을 득하여야 한다.","9) 공사 시 사용한 철물(FORM-TIE, 반생, 볼트 등), 합판 등의 부착물은 ""수급사업자""가 제거하여야 하며 처리 후 “원사업자의 승인을 득하여야 한다. 제거시 발생되는 비용은 00내역에 반영하여 견적한다.",원사업자가 입찰내역에 없는 사항을 요구함에 따라 발생된 비용을 수급사업자에게 부담시키는 약정
"4. 철근관련
2) 철근 SHOP.DWG과  철근 가공은 “원사업자”에서 실시하고, “수급사업자”은 현장시공만 하는 것으로 투찰하며, 현장 도착분의 철근 관리와 손망실에 대한 책임은 “수급사업자”에게 있으며 정산 공제한다.","4. 철근관련
2) 철근 SHOP.DWG과  철근 가공은 “원사업자”에서 실시하고, “수급사업자”은 현장시공만 하는 것으로 투찰한다. (삭제) 현장 도착분의 철근 관리와 손망실에 대한 책임은 “수급사업자”에게 있으며 정산 공제한다.",불필요(합리적/객관적으로 당연한 사항)
"4) 원청을 “원사업자”, 골조업체를 “수급사업자”, 철근가공업체를 “병”이라 하였을 때 
다. “수급사업자”가 시공 및 현장관리상의 부주의로 인한 철근 손실 발생시의 책임은 “수급사업자”에게 있으며 정산에서 공제한다.","4) 원청을 “원사업자”, 골조업체를 “수급사업자”, 철근가공업체를 “병”이라 하였을 때 (삭제)
다. “수급사업자”가 시공 및 현장관리상의 부주의로 인한 철근 손실 발생시의 책임은 “수급사업자”에게 있으며 정산에서 공제한다.",불필요(합리적/객관적으로 당연한 사항)
"5. 콘크리트 공사
5) 골조 품질관리 미흡으로 발생되는 균열은 “수급사업자”의 부담으로 보수한다. (골조 귀책사유)","5. 콘크리트 공사
(삭제)
5) 골조 품질관리 미흡으로 발생되는 균열은 “수급사업자”의 부담으로 보수한다. (골조 귀책사유)",불필요(합리적/객관적으로 당연한 사항)
"6) 콘크리트 타설 장비 설치 조건
- “수급사업자”는 콘크리트 타설 후 PUMP내 및 배관에 있는 콘크리트 처리를 “원사업자”가 지정하는 장소까지 운반 처리토록 한다.","6) 콘크리트 타설 장비 설치 조건
- “수급사업자”는 콘크리트 타설 후 PUMP내 및 배관에 있는 콘크리트 처리를 “원사업자”가 지정하는 장소(현장 몇 km이내 등 거리를 예측할 수 있도록 제시)까지 운반 처리토록 한다.",위탁시점에 원사업자와 수급사업자가 예측할 수 없는 사항과 관련하여 수급사업자에게 불합리하게 책임을 부담시키는 약정
"6. 견출, 단열관련
5) 단열공사
나. 단열재와 콘크리트 간의 접합보강을 위한 조치(합판+ 굵은못)를 하여야 하며, 골조 형틀 해체 후 탈락이 발생되는 부위는 “수급사업자”의 비용으로 원상복구를 시켜야 한다.","6. 견출, 단열관련
5) 단열공사
나. 단열재와 콘크리트 간의 접합보강을 위한 조치(합판+ 굵은못)를 하여야 하며, 골조 형틀 해체 후 수급사업자의 귀책사유로 탈락이 발생되는 부위는 “수급사업자”의 비용으로 원상복구를 시켜야 한다.",법에 따라 인정되거나 법에서 보호하는 수급사업자의 권리·이익을 부당하게 제한하는 약정
"7. 기타
7) ELEV PIT내부는 작업용 발판 대신 Single ELEV는 슬라브 철근(D13,@200이내)을 시공하며, Twin ELEV는 슬라브 철근(D13,@200이내)을 시공하되 중간에 철근(D13,3EA)을 보강시공하여 발판대용으로 사용하며, 작업 종료 후 ELEV PIT내 철근을 절단하고 마감 처리는 “수급사업자”가 실시한다.(절단 시 발생한 철근은 “원사업자”가 지정하는 장소까지 이동하여 반납하여야 한다.)","7. 기타
7) ELEV PIT내부는 작업용 발판 대신 Single ELEV는 슬라브 철근(D13,@200이내)을 시공하며, Twin ELEV는 슬라브 철근(D13,@200이내)을 시공하되 중간에 철근(D13,3EA)을 보강시공하여 발판대용으로 사용하며, 작업 종료 후 ELEV PIT내 철근을 절단하고 마감 처리는 “수급사업자”가 실시한다.(절단 시 발생한 철근은 “원사업자”가 지정하는 장소(현장 몇 km이내 등 거리를 예측할 수 있도록 제시)까지 이동하여 반납하여야 한다.)",위탁시점에 원사업자와 수급사업자가 예측할 수 없는 사항과 관련하여 수급사업자에게 불합리하게 책임을 부담시키는 약정
9) “수급사업자”은 낙찰 후 7일 이내에 계약기간 내 골조공사를 완료하기 위한 세부 공정표를 작성하여 제출해야 하며 공정 미 준수로 인한 돌관작업 발생시 “수급사업자”의 비용으로 만회하여야 한다.,9) “수급사업자”은 낙찰 후 7일 이내에 계약기간 내 골조공사를 완료하기 위한 세부 공정표를 작성하여 제출해야 한다. (삭제)공정 미 준수로 인한 돌관작업 발생시 “수급사업자”의 비용으로 만회하여야 한다.,불필요(합리적/객관적으로 당연한 사항)
10) 버림 콘크리트 타설 전 토목업체와 골조업체와의 측량점 인수인계를 “원사업자”의 참석하에 실시하며 이후 측량에 문제 발생 시 골조업체에서 책임진다.,"10) 버림 콘크리트 타설 전 토목업체와 골조업체와의 측량점 인수인계를 “원사업자”의 참석하에 실시한다.
(삭제) 이후 측량에 문제 발생 시 골조업체에서 책임진다.",불필요(합리적/객관적으로 당연한 사항)
"19) 각종자재(철근, 타이 등)의 안전한 수직인양을 위한 인양박스를 “수급사업자” 의 비용으로 제작 사용토록 하고, 슬링 벨트 또는 와이어로프 이상 발견 시 즉시 교체해야 한다.","19) 각종자재(철근, 타이 등)의 안전한 수직인양을 위한 인양박스를 제작 사용토록 하며, 비용은 해당 작업내역에 반영한다. 고, 슬링 벨트 또는 와이어로프 이상 발견 시 즉시 교체해야 한다.","원사업자가 입찰내역에 없는 사항을 요구함에 따라 발생된 비용을 수급사업자에게 부담시키는 약정

불필요(합리적/객관적으로 당연한 사항)"
"21) 콘크리트 타설전 우수드레인(옥상, 지상1층, 지하1층) 시공은 “수급사업자”의 시공범위이다.","21) 콘크리트 타설전 우수드레인(옥상, 지상1층, 지하1층) 시공은 “수급사업자”의 시공범위이다. 

어느 내역에 반영을 해야 하나요?",원사업자가 입찰내역에 없는 사항을 요구함에 따라 발생된 비용을 수급사업자에게 부담시키는 약정
22) 지하주차장 슬래브 거푸집 연결부에 돌출된 시멘트 페이스트는 반드시 제거하여야 하며 이와 관련한 파취는 “수급사업자”의 부담으로 하며 파취 후 반드시 물청소를 하도록 한다.,22) 지하주차장 슬래브 거푸집 연결부에 돌출된 시멘트 페이스트는 제거하여야 하며 이와 관련한 파취는 해당 작업 내역에 반영하여야 하며 파취 후 물청소를 하도록 한다.,원사업자가 입찰내역에 없는 사항을 요구함에 따라 발생된 비용을 수급사업자에게 부담시키는 약정
"24) 콘크리트 타설, 외부 견출 작업 시 발생되는 이물질 등이 외부 창호, 유리류 등 훼손되었을 경우 즉시 제거해야 하며, 갱폼 인양후 별도 작업원 투입하여 청소 실시한다. 미제거에 의한 훼손 시 “수급사업자”의 비용으로 처리한다.","24) 콘크리트 타설, 외부 견출 작업 시 발생되는 이물질 등이 외부 창호, 유리류 등 훼손되었을 경우 즉시 제거해야 하며, 갱폼 인양후 별도 작업원 투입하여 청소 실시한다. (삭제) 미제거에 의한 훼손 시 “수급사업자”의 비용으로 처리한다.",불필요(합리적/객관적으로 당연한 사항)
26) 거푸집공사 각 계단실 형틀 및 철근 작업시에는 상부 작업인원에 대한 충분한 안전하중을 고려한 아래형태의 전용발판을 제작하여 사용하여야 하며 이를 견적시 반영하여야 한다.(사진 1. 참조),"26) 거푸집공사 각 계단실 형틀 및 철근 작업시에는 상부 작업인원에 대한 충분한 안전하중을 고려한 아래형태의 전용발판을 제작하여 사용하여야 하며 이를 견적시 해당 작업 내역에 반영하여야 한다.(사진 1. 참조)

※ 계약내역서상 어느 내역에 또는 관리비 및 이윤에 포함하여야 하는지 명확히 기재해 주세요. (또한, 공사성 비용을 간접비(관리비 및 이윤)에 포함시키지 않도록 주의하여 주시기 바랍니다.)",원사업자가 입찰내역에 없는 사항을 요구함에 따라 발생된 비용을 수급사업자에게 부담시키는 약정
4) 현장여건에 의하여 작업방법 및 사양이 변경될 경우에는 반드시 안전팀과 협의를 거쳐 진행하도록 한다.,"4) 현장여건에 의하여 작업방법 및 사양이 변경될 경우에는 반드시 안전팀과 협의를 거쳐 진행하도록 한다.
(단, 추가비용 발생시 관련 비용은 협의하여 결정한다.)",수급사업자의 책임 없는 사유로 발생한 비용을 수급사업자에게 부담시키는 약정
5)  안전시설물을 설치하기 위한 사전 협의된 본 구조물의 작업을 제외하고 작업 중 본 구조물의 파손 및 훼손 등에 대하여는 변상하기로 한다.,(삭제),불필요(합리적/객관적으로 당연한 사항)
"6) 현장에 반입 및 사용하는 자재의 보관, 분실, 파손 등의 책임은 “을”이 진다.",6) 현장에 반입 및 사용하는 자재의 보관의 책임은 수급사업자에게 있다.,수급사업자의 책임 없는 사유로 발생한 비용을 수급사업자에게 부담시키는 약정
7) 현장에 투입되는 작업팀은 지정된 고정인력(2인1조 이상)으로 배치하고 건설현장의 근무하는데 결격사유가 없어야 한다.,"7) 현장에 투입되는 작업팀은 지정된 고정인력(2인1조 이상)으로 배치한다.
(삭제)건설현장의 근무하는데 결격사유가 없어야 한다.",불필요(합리적/객관적으로 당연한 사항)
"8) 소음, 진동이 발생하는 작업을 할 경우 주변 인접건물에 민원 대상이 되므로 작업 전 안전팀 공사팀과 협의 후 작업하도록 하며, 필요시 작업을 잠시 중지할 수 있다.",(삭제),"불필요(합리적/객관적으로 당연한 사항)
5.6 환경관리 조항 등 중복된 내용"
10) 작업인원이 투입되어 작업중이라도 현장에서 교체투입 요청이 있을 경우에 일주일이내 즉시 교체 투입한다.,(삭제),법에 따라 인정되거나 법에서 보호하는 수급사업자의 권리·이익을 부당하게 제한하는 약정
11) 모든 작업에 대한 기성청구는 실물량 정산으로 한다.,(삭제),중복(3.9 정산방법)
"6.1 공통사항
6.1.6 “수급사업자”의 공정이 계획보다 현저히 늦어질 때, “원사업자”의 시정 지시가 제대로 이루어 지지 않을 때, “수급사업자”의 현장 정리 및 안전관리가 불량할 때 등의 사유 발생 시 “원사업자”의 판단에 의거 계약 범위의 전부 또는 일부를 변경, 조정할 수 있다.",(삭제),불필요(합리적/객관적으로 당연한 사항)
"6.1.7 “수급사업자”의 현장조직 중 현장소장, 공무, 안전관리자는 반드시 상주하여 현장관리를 한다.","6.1.7 “수급사업자”의 현장조직 중 현장소장, 공무, 안전관리자는 반드시 상주하여 현장관리를 한다.",
"6.1.8 공사에 필요한 각종 가시설 (작업용 발판, BT비계, 달비계, 말비계, 로프 등) 비용은 “수급사업자”가 설치/해체 하여야 한다.","6.1.8 공사에 필요한 각종 가시설 (작업용 발판, BT비계, 달비계, 말비계, 로프 등)의 설치/해체 비용은 “수급사업자”가 설치/해체 하여야 한다. 어느내역에 반영?",원사업자가 입찰내역에 없는 사항을 요구함에 따라 발생된 비용을 수급사업자에게 부담시키는 약정
"6.1.13 동절기에 방수공사가 투입될 시, 해당부위의 보양 및 온열기기 준비 등 동절기 공사비 일체는 “수급사업자”의 비용으로 수행하여야 한다. 단 열풍기사용시 유류는 “원사업자”가 지급하도록 한다.","6.1.13 동절기에 방수공사가 투입될 시, 해당부위의 보양 및 온열기기 준비 등 동절기 공사비 일체는 “수급사업자”의 비용으로 수행하여야 한다.어느내역에 반영? 단 열풍기사용시 유류는 “원사업자”가 지급하도록 한다.",원사업자가 입찰내역에 없는 사항을 요구함에 따라 발생된 비용을 수급사업자에게 부담시키는 약정
6.1.14 지정폐기물 및 방수제 빈통 등은 현장에 방치되는 일이 없도록 “수급사업자”는 지정된 장소로 즉시 반출하도록 한다.,6.1.14 지정폐기물 및 방수제 빈통 등은 현장에 방치되는 일이 없도록 “수급사업자”는 지정된 장소(현장 km 이내?)로 즉시 반출하도록 한다.,위탁시점에 원사업자와 수급사업자가 예측할 수 없는 사항과 관련하여 수급사업자에게 불합리하게 책임을 부담시키는 약정
"6.2 시공
6.2.1 일반사항
6) 복합방수 공법상 지하주차장 지붕층 등 구조물 마구리의 방수 끝단부는 바닥끝 선에서 감아내리거나 감아올려야 하며, 외벽단부 감아내림 길이는 1m를 유지하고 지하주차장 외부 토사 되메우기 후 훼손부에 대한 시공은 복합방수 단가에 포함하여 견적한다. 감아올리는 부위 코너는 몰탈로 코너면접기 등을 하여야하며 별도내역없이 포함하여 시공한다.","6.2 시공
6.2.1 일반사항
6) 복합방수 공법상 지하주차장 지붕층 등 구조물 마구리의 방수 끝단부는 바닥끝 선에서 감아내리거나 감아올려야 하며, 외벽단부 감아내림 길이는 1m를 유지하고 지하주차장 외부 토사 되메우기 후 훼손부에 대한 시공은 복합방수 단가에 포함하여 견적한다. 감아올리는 부위 코너는 몰탈로 코너면접기 등을 하여야하며 별도내역없이 포함하여 시공한다. 어느내역에 반영?",원사업자가 입찰내역에 없는 사항을 요구함에 따라 발생된 비용을 수급사업자에게 부담시키는 약정
"7) 방근방수 공법은 아래 표의 제품 중 “원사업자”의 승인을 득한 공법으로 시공하여야 하며, 해당 시방 및 제품사양서 기준에 따른다.
※ 방수자재가 유기용매에 의해 녹아 누유되지 않도록 철저히 관리하고, 누유발생 시 전면 재시공한다.","7) 방근방수 공법은 아래 표의 제품 중 “원사업자”의 승인을 득한 공법으로 시공하여야 하며, 해당 시방 및 제품사양서 기준에 따른다.
※ 방수자재가 유기용매에 의해 녹아 누유되지 않도록 철저히 관리하고, 수급사업자의 귀책사유로 누유발생 시 재시공한다.",수급사업자의 책임 없는 사유로 발생한 비용을 수급사업자에게 부담시키는 약정
"8) 복합방수(아스팔트 재료)와 우레탄 방수가 만나는 부위는 신나(희석제)사용을 금지한다. 또한, 주자재에 임의로 희석재 투입이 적발된 경우에는 시공된 부위는 원상복구 또는 복구에 소요되는 손해액을 변상조치하여야 하며 이에 따른 공기만회방안을 제시하여야 한다. 아울러 작업반장을 포함한 작업자는 전원 교체한다.","8) 복합방수(아스팔트 재료)와 우레탄 방수가 만나는 부위는 신나(희석제)사용을 금지한다. 또한, 주자재에 임의로 희석재 투입이 적발된 경우에는 시공된 부위는 원상복구 또는 복구에 소요되는 손해액을 변상조치하여야 하며 이에 따른 공기만회방안을 제시하여야 한다. 아울러 작업반장을 포함한 작업자는 전원 교체한다.",법에 따라 인정되거나 법에서 보호하는 수급사업자의 권리·이익을 부당하게 제한하는 약정
"6.2.2 지하주차장 외벽 내부면 바닥
1) 방수업체는 지하주차장 공구간 경계부위에 대해 시공계획서에 보강공사를 포함한 시공방법을 제시하여야 하며, 경계부위에서의 방수공사에 필요한 모든 보강공사를 포함하여 견적한다.","6.2.2 지하주차장 외벽 내부면 바닥
1) 방수업체는 지하주차장 공구간 경계부위에 대해 시공계획서에 보강공사를 포함한 시공방법을 제시하여야 하며, 경계부위에서의 방수공사에 필요한 모든 보강공사를 포함하여 견적한다. 어느내역에?",원사업자가 입찰내역에 없는 사항을 요구함에 따라 발생된 비용을 수급사업자에게 부담시키는 약정
"6.2.6 정리정돈
2) 계약내역에 관련된 현장 내 정리정돈 및 청소요원배치, 장비 및 자재 반출입 시의 교통 통제원의 추가 비용은 투찰 시 “수급사업자”의 부담으로 견적에 반영하도록 한다.","6.2.6 정리정돈
2) 계약내역에 관련된 현장 내 정리정돈 및 청소요원배치, 장비 및 자재 반출입 시의 교통 통제원의 추가 비용은 투찰 시 “수급사업자”의 부담으로 견적에 반영하도록 한다. 어느내역에?",원사업자가 입찰내역에 없는 사항을 요구함에 따라 발생된 비용을 수급사업자에게 부담시키는 약정
"3) 작업을 착수하는 부위는 선행 공종과 청소가 완료된 상태에서 인수인계를 하여야 하며, 청소가 미흡한 상태에서 인수시 “수급사업자”의 책임으로 청소하여야 한다.",3) 작업을 착수하는 부위는 선행 공종과 청소가 완료된 상태에서 인수인계를 하여야 한다.,법에 따라 인정되거나 법에서 보호하는 수급사업자의 권리·이익을 부당하게 제한하는 약정
"5) 세대 방수 작업 중 발생하는 발자국 및 각종 창호하부 액체방수 이물질 제거 및 청소를 철저히 하여야 하며, 미 이행시에는 “원사업자”에서 용역투입할 수 있으며 이 비용을 “수급사업자”에게 정산한다.",5) 세대 방수 작업 중 발생하는 발자국 및 각종 창호하부 액체방수 이물질 제거 및 청소를 철저히 하여야 한다.,법에 따라 인정되거나 법에서 보호하는 수급사업자의 권리·이익을 부당하게 제한하는 약정
"6.0.1 PF기초 본공사 착수 전 시험시공을 통하여 시공품질여부 확인 후 본공사가 투입될 수 있도록 시공계획을 수립하고, 시험시공비는 견적에 포함","6.0.1 PF기초 본공사 착수 전 시험시공을 통하여 시공품질여부 확인 후 본공사가 투입될 수 있도록 시공계획을 수립하고, 시험시공비는 견적(어느내역에?)에 포함",원사업자가 입찰내역에 없는 사항을 요구함에 따라 발생된 비용을 수급사업자에게 부담시키는 약정
"6.0.3 플랜트 설치 범위는 적정한 곳을 지정하고, 이후 현장 내 이동이 발생되지 않도록 계획수립하여 추가이동이 발생되지 않도록 설치요망. 이후 추가이동 발생시 발생하는 비용은 ‘수급사업자’가 부담한다.","6.0.3 플랜트 설치 범위는 적정한 곳을 지정(어떤 설치범위가 적정한 곳인가요?)하고, 이후 현장 내 이동이 발생되지 않도록 계획수립하여 추가이동이 발생되지 않도록 설치요망. (삭제)이후 추가이동 발생시 발생하는 비용은 ‘수급사업자’가 부담한다.",위탁시점에 원사업자와 수급사업자가 예측할 수 없는 사항과 관련하여 수급사업자에게 불합리하게 책임을 부담시키는 약정
"6.0.4 굴착토처리는 원칙적으로 수급사업자 부담으로 처리하며, 필요시 견적에 반영한다. 단, 별도의 토공사 협력사가 상주하므로 상호간에 협의하여 공사비절감방안이 수립될 시 원사업자의 동의 하에 처리한다.","6.0.4 굴착토처리는 원칙적으로 수급사업자 부담으로 처리하며, 필요시 견적(어느내역에?)에 반영한다. 단, 별도의 토공사 협력사가 상주하므로 상호간에 협의하여 공사비절감방안이 수립될 시 원사업자의 동의 하에 처리한다.",원사업자가 입찰내역에 없는 사항을 요구함에 따라 발생된 비용을 수급사업자에게 부담시키는 약정
"6.0.5 계약업무와는 별도로 공사착수업무를 조속히 시행하되, 차수별 공사투입시기 및 공정표를 별도로 원수급자의 요구일정에 맞추어 제출한다.",(삭제),법에 따라 인정되거나 법에서 보호하는 수급사업자의 권리·이익을 부당하게 제한하는 약정
"6.0.6 현장대리인 또는 현장소장은 특급기술자 경력 이상의 자격을 갖추어야 하며, 원사업자의 요청 시 토질 및 기초기술사 보유한 기술자를 현장에 상주시켜야 한다.","6.0.6 현장대리인 또는 현장소장은 특급기술자 경력 이상의 자격을 갖추어야 하며, 원사업자의 요청 시 토질 및 기초기술사 보유한 기술자의 현장 상주에 적극 협조한다.","원사업자가 입찰내역에 없는 사항을 요구함에 따라 발생된 비용을 수급사업자에게 부담시키는 약정

법에 따라 인정되거나 법에서 보호하는 수급사업자의 권리·이익을 부당하게 제한하는 약정"
"6.0.7 수급사업자는 적용된 공법이 특허공법인 점을 감안하여 감리단 및 시공사,발주처 등의 요구시에는 모든 기술자료 및 설명을 충분히 제공하고 공유해야 할 책임이 있으며, 공사의 품질확보와 안전관리, 공기관리에 있어 원사업자의 요청과 지시에 적극 협력한다.","6.0.7 수급사업자는 적용된 공법이 특허공법인 점을 감안하여 감리단 및 시공사,발주처 등의 요구시에는 모든(삭제) 기술자료 및 설명을 충분히 제공하도록 적극 협조하며, 공사의 품질확보와 안전관리, 공기관리에 있어 원사업자의 요청과 지시에 적극 협력한다.",법에 따라 인정되거나 법에서 보호하는 수급사업자의 권리·이익을 부당하게 제한하는 약정
"6.1 통신, 소방전기 각 시스템별 성능확인을 위해 필요하다고 판단되는 검사 및 TEST 비용, 주요자재의 공인기관 시험의뢰 비용 포함 한다.","6.1 통신, 소방전기 각 시스템별 성능확인을 위해 필요하다고 판단되는 검사 및 TEST 비용, 주요자재의 공인기관 시험의뢰 비용 포함(어느내역에?) 한다.",원사업자가 입찰내역에 없는 사항을 요구함에 따라 발생된 비용을 수급사업자에게 부담시키는 약정
6.2 정보통신공사 완료 후 사용전검사와 동시에 인증명판을 발부 받아  “원사업자”이 지정한 장소에 설치하여야 한다. 이에 따른 설치 비용은 “수급사업자”의 부담으로 본 견적 시 포함하여야 한다.,6.2 정보통신공사 완료 후 사용전검사와 동시에 인증명판을 발부 받아  “원사업자”이 지정한 장소(현장 몇 KM 이내)에 설치하여야 한다. 이에 따른 설치 비용은 “수급사업자”의 부담으로 본 견적 시 (어느 내역에?) 포함하여야 한다.,"위탁시점에 원사업자와 수급사업자가 예측할 수 없는 사항과 관련하여 수급사업자에게 불합리하게 책임을 부담시키는 약정

원사업자가 입찰내역에 없는 사항을 요구함에 따라 발생된 비용을 수급사업자에게 부담시키는 약정"
6.19 지하주차장 급배기 공조설비를 화재시 제연휀으로 동작 되도록 선로 구성 및 프로그램 연동되도록 견적에포함 한다. (성능위주 심의 내용),6.19 지하주차장 급배기 공조설비를 화재시 제연휀으로 동작 되도록 선로 구성 및 프로그램 연동되도록 견적에(어느내역에?)포함 한다. (성능위주 심의 내용),원사업자가 입찰내역에 없는 사항을 요구함에 따라 발생된 비용을 수급사업자에게 부담시키는 약정
매월 안전관리비는 실적에 의거 실비 정산하고 이월 정산은 인정하지 아니하며 소량의 금액일지라도 당월 기성 청구를 한다,매월 안전관리비는 실적에 의거 실비 정산하고 이월 정산은 인정하지 아니하며 소량의 금액일지라도 당월 기성 청구를 한다 당월 기성 청구 및 정산을 원칙으로 한다.,수급사업자의 권리를 제한하는 약정
"""수급사업자"" 의 공정이 계획보다 현저히 늦어질 때, ""원사업자의"" 의 시정 지시가 제대로 이루어지지 않을 때, ""수급사업자""의 현장 정리 및 안전관리자 불량할 때 등의 사유 발생 시 ""원사업자""의 판단에 의거 계약 범위의 전부 또는 일부를 변경, 조정할 수 있다","""수급사업자"" 의 공정이 계획보다 현저히 늦어질 때, ""원사업자"" 의 시정 지시가 제대로 이루어지지 않을 때, ""수급사업자""의 현장 정리 및 안전관리자 불량할 때 등의 수급사업자로 인한 사유 발생 시 기준에 따라  ""원사업자""의 판단에 의거 계약 범위의 전부 또는 일부를 해제 또는 해지 변경, 조정할 수 있다","계약 해제 · 해지의 사유가 관계법령, 표준하도급계약서 등의 기준에 비해 수급사업자에게 불리한 내용이 설정된 경우"
"(27 page)
6.2.15 지상1층 브라켓 철골(용접부위 등) 해체비용을 포함하여 견적한다.","6.2.15 지상1층 브라켓 철골(용접부위 등) 해체비용을 포함하여 ""XXX (내역명 명기)"" 견적한다.","현장확인결과, 해당 내역 예)""지상 1층 최초 조립, 설치비""가 존재 하고, 해당 내역을 다시한번 강조하는 의미로 작성하였다고 하나, 비용을 내역화 및 사양서에도 정확히 명기하여야 함"
"(27 page)
6.2.16 현수에 필요한 스리브 설치/해체를 견적에 포함한다","6.2.16 현수에 필요한 스리브 설치/해체를  ""XXX (내역명 명기)"" 내역견적에 포함한다",
"(22page)
13) 공사에 필요한 각종 가시설 비용, (후략)","13) 공사에 필요한 각종 가시설 비용, (가시설 구체화 명기 필요)",
"(22page)
16) 각종 자재 검수에 소요되는 “수급사업자”의 투입 인원에 대한 경비를 해당작업내역에 포함하여 견적한다.",16) '수급사업자'가 공급하는 각종 자재 검수에 소요되는 “수급사업자”의 투입 인원에 대한 경비를 해당작업내역에 포함하여 견적한다.,
"(23page)
6.1.7 모든 시험 방법 및 횟수는 건축설비공사 표준 시방서, 신재생에너지 관련 법규에 따르며, 각종 시험비는 “수급사업자”의 부담으로 열전도 테스트 비용을 관리비 및 이윤에 포함해 투찰한다.","6.1.7 모든 시험 방법 및 횟수는 건축설비공사 표준 시방서, 신재생에너지 관련 법규에 따르며, 각종 시험비는 “수급사업자”의 부담으로 열전도 테스트 비용을 관리비 및 이윤에 포함해 투찰한다.",
"(20 page)
5.9.1 납품범위 및 내용은 “원사업자”의 현장여건에 따라 변경될 수 있으며 본 공사와 관련하여 신규 품목이 발생시 당사 설계변경 기준에 따른다.","전문삭제
☞ 범위와 내용이 변경되었을 때는 계약변경을 하여야 함, 신규 품목 발생 시
양사 합의하여 결정하여야 함",
"3.1.2 기성지급
2) 지정위치 입고 후 검사 합격품 90%지불, 시공완료 검사 후 10%지불","2) 지정위치 입고 후 검사 합격품 90%지불, 시공완료 검사 후 10%지불
item 내역에 따라 [기기(설비)와 시공(시운전)] 지급하여야 하므로 삭제 
삭제가 불가능할시, 현장작성 특기사항에 해당 내용 명확하게 재 명기 필요",
5.9.1 납품범위 및 내용은 “원사업자”의 현장여건에 따라 변경될 수 있으며 본 공사와 관련하여 신규 품목이 발생시 당사 설계변경 기준에 따른다.,"전문삭제
☞ 범위와 내용이 변경되었을 때는 계약변경을 하여야 함, 신규 품목 발생 시
양사 합의하여 결정하여야 함",
"40 page)
5. 공사범위 
1) 상기항에 명기된 공사 및 발전기 반입 설치 후 침수 대비 등 주기적 관리(청소)",침수대비 등 주기적 관리가 어떤 부분인지 정확한 명기가 필요,
"40 page) 
5. 공사 범위 
2) 요청검사, 사용전검사, 전기수전, 소방검사, 승강기 완성검사 등 각종 대관 업무시에는 제반 사항의 신속 처리를 위하여 기술요원을 당일 현장에 투입시켜야 하고, 입주후에도 일정기간 기술요원을 상주시켜 시설운영팀과 인수인계(관련 자료 및 매뉴얼 포함)에 차질이 없도록 업무를 수행하며 현장 상주에 대한 일체 비용은 계약금액에 포함한다.","1) 검사 일정 및 대관 업무에 대한 내용을 명기, 입주후 일정기간 상세화
2) 제반, 일체 단어 삭제
3) 현장 상주에 대한 비용이 어느 내역에 포함하여야 하는지 명기",
"3) 안전시설 설치 및 가설공사(※별도내역없음, 필히 수행)",별도 내역 없음' 문구 삭제,
"4) 계약자가 수행할 공사는 현행법규에 준하며, 계약도서(시공도면, 내역서, 시방 및 구입사양서)간 각종 규격, 사양이 상이할 시에는 당사의 지시에 따라 계약자 부담으로 수행한다.","4) 계약자가 수행할 공사는 현행법규에 준하며, 계약도서(시공도면, 내역서, 시방 및 구입사양서)간 각종 규격, 사양이 상이할 시에는 양자 협의하여 결정한다.",
"18) ACB, 디지털보호계전기, MCCB는 LS산전 제품을 사용한다.","18) ACB, 디지털보호계전기, MCCB는 LS산전 제품을 사용한다. (사유 명기)
  또는, ACB, 디지털보호계전기, MCCB는 LS 산전 제품 동등 이상을 사용한다.",
"6.4 상기 과업과 관련된 모든 인허가 절차와 관련서류의 준비, 접수 등 및 일체의 대관 업무를 포함하도록 하며 사용전 검사비용을 포함한다.","6.4 상기 과업과 관련된 모든 인허가 절차와 관련서류의 준비, 접수 등 및 일체의 대관 업무에 성실히 협조하여야 한다., 를 포함하도록 하며 사용전 검사비용을 포함한다.",
"(29 page)
6.19 근로기준법 관련하여 근로시간단축(주52시간)에 따른 추가 인원 및 장비의 투입관련 비용은 각 공사 노무비 내역에 반영하며, 이로 인한 금액 증감은 없으므로 이를 충분히 반영하여 투찰한다.","6.19 근로기준법 관련하여 근로시간단축(주52시간)에 따른 추가 인원 및 장비의 투입관련 비용은 각 공사 노무비 내역에 반영한다.하며, 이로 인한 금액 증감은 없으므로 이를 충분히 반영하여 투찰한다",
"(35 page)
8) 일부 타일은 현장 컷팅이 발생할 수 있으므로 해당내역에 포함하여 투찰한다.","8) 일부 타일은 현장 컷팅이 발생할 수 있으므로 해당내역에 포함하여 투찰한다.
현장 컷팅이 발생할수 있는 상황을 설명하여야 금액 산정이 가능하므로,
만일 상황설명이 불가능하다면 해당 문구는 삭제",
"(30 page)
6.1.2 근로기준법 관련하여 근로시간단축(주52시간)에 따른 추가 인원 및 장비의 투입관련 비용은 각 공사 노무비 내역에 반영하며, 이로 인한 금액 증감은 없으므로 이를 충분히 반영하여 투찰한다.","6.1.2 근로기준법 관련하여 근로시간단축(주52시간)에 따른 추가 인원 및 장비의 투입관련 비용은 각 공사 노무비 내역에 반영한다.하며, 이로 인한 금액 증감은 없으므로 이를 충분히 반영하여 투찰한다",